{"version":1,"hash":{"type":"Buffer","data":"RhCqMdcbSefqK9EQMLmqT1+hs5T7TzdLzAW45E8Iwn/w7Mf8ZWermTEiCYGe4BhTByrBilzItc8l80Na+FTYVkrkhEUYPYoebRJOfAPZUcUVbNuqtdhNKHwY5bIB53I4CutRkdQtl/LdHpbIuq/hr2UB91wuJgUL9tIoREiO4Aw="},"indexValueMap":{"TPBe7vPjv/sjgz1o5DCNNBJ7k3wOjlkk3+MHPrHgBPY=":{"valueMac":{"type":"Buffer","data":"qOnawPdyOFe2g5536GeFlxFMG/AxER1+9oAWXG04lWA="}},"XZfm0+/mfRZ7b3uP0ApNu/Xj2L3jgaNeuP3gSHyc69Q=":{"valueMac":{"type":"Buffer","data":"sNqEDDAnTJyoL7kBlxnT2Oruwa9bQFSXf2kGg0cG2I4="}}}}