{"version":3,"hash":{"type":"Buffer","data":"bXXLq+FSqhWFfufyNlDiFXPTAW5dcx14k/y3omXKPgT+3FD/Eh7SFyn/AJ09cr3+bY6fTRuRPyu0bsk8IfXOot6r0hAcZsBpBEDLG5+SxvmwIO8usAXdgKMcMyxBdFyyuhL2lDaTpS7xPPZoF87CZ+NVeGwlm+wIuKLLkBZlQ0s="},"indexValueMap":{"NeVX7wzr5szXQM3YqFHPmxGzx4QuDuyTtsxhUmhRzpo=":{"valueMac":{"type":"Buffer","data":"DR/J1pfvSFXl6Ji0rr8f35OBNB2B2+8UF1EyLvn+cN4="}},"6Nz9PKDNz9yxKvphHQ0cTA3LmCj8iJ6bADUVOaAcRKw=":{"valueMac":{"type":"Buffer","data":"q0xk/LSto5UWmdVoDDPmjVUH29xy1eV4jIMPn2lLIi8="}},"rcVaBRtRShInpLijr/WqVbGY2/kNoZM/WngBPCjMMKg=":{"valueMac":{"type":"Buffer","data":"3drXC92J7vvOosS14FKaCxNd1lzwYE5N5FxqlEcySJw="}},"Jx2MpUvoWN3aSDMmk0KGrRK4jwFG6hK1JlNMTqCWyC0=":{"valueMac":{"type":"Buffer","data":"vcQNI5/Z2NSSWtgsNEPOKos6E4nhwFF8upBabpth9q0="}}}}