{"version":4,"hash":{"type":"Buffer","data":"oMrlmBOvxNHvtjDClE9//Th//j2079wuEJAg1XTZOrZFeXcCkIn/6gSC419fWett65JMTeT3Cdcpw8yCtW26EU+0/rjrdFoNIvcSMUe4aHzh+TewZ0ipyz9D5uSyCbPdYo+TGIOYoD6Ayz4AAfh9ZSXw8CkJgZO9cCmXguExSSo="},"indexValueMap":{"NPOVpr1NhevZ8IN+hgsoLBZaaK5bARV8jNlObVayoBo=":{"valueMac":{"type":"Buffer","data":"qktad7Jlz8wR0w7pPfsPPPFPEZsXQ1ghgnLI7k18p78="}},"Q9XosMiL7Kty4RtZ6wEPuU8dGcPRGtehRdAN8cKPV5g=":{"valueMac":{"type":"Buffer","data":"LmKAXZxHMGwPL2kvfaf9NggtpIFaNCQicf7CQe2T5o0="}},"Xh7/4XvSIMuYHdoKm8th5OW50zfgUktcZrv5K7I3nYo=":{"valueMac":{"type":"Buffer","data":"f4uCSCrMLluTBmgSvid4tq4XS+FYskJpwO42Drc5yCQ="}},"cyakmNqfQPjgCl5rihZPck313CP5vzEPh1G1GmfNm/Y=":{"valueMac":{"type":"Buffer","data":"7QkhAoNprW9RczrjxvJ0GFbUoWwYryr2N7e/7q6YhoQ="}},"mmaxR2CAWXbkjOzKsAHCTMQ0f3JVSQ0TuOyn+Hs3EuI=":{"valueMac":{"type":"Buffer","data":"EaeBcwxiB+OUfrQRbj/xS+Dz41G7SdkSNz/vAs9Tiho="}},"py/b36lKKFiX5d+1Rxr/hYrRLoAOBK344ZnBqP4fWlk=":{"valueMac":{"type":"Buffer","data":"gmUA6OQs9GO35Q262AeIotZygh3r5vUWRFw8kd/pUYw="}},"3SAgLVt+ejHGM1aLh5lOxi/B+NAtWB3lBnmn+2BcvTY=":{"valueMac":{"type":"Buffer","data":"xoO2s1y7wKXTBbELY7FUC9Xw10jH88U5wM67zPOe3Rg="}},"4ofCG5J9MOf0SYnnmuHAJ1KnykManCzyaf40NYb2Z7o=":{"valueMac":{"type":"Buffer","data":"ELxcUZ7GXB+RJgbs811VK/th4jWTP55MIFvEJh3VAYc="}}}}