{"noiseKey":{"private":{"type":"Buffer","data":"QBLbMmdN01vjNSRDTznBLOnFRKK3nf17dr707oYQtVs="},"public":{"type":"Buffer","data":"ss0Zj2nkz4hvwx+G80I466F6jPhR9mLGNG+rsaa0klU="}},"pairingEphemeralKeyPair":{"private":{"type":"Buffer","data":"8BjIUn0mCXdwFhvDcTpZXVAz3I+GpdCDpTjJ91xmFVs="},"public":{"type":"Buffer","data":"OFzA+MxQI7lIEKR14/1gFjUmQLHwKkCsXgSgFyvJs3A="}},"signedIdentityKey":{"private":{"type":"Buffer","data":"+AAA8cK19qKPPy9Lkixsy3wkR+tbrGQ9QADY8wQ/+3Y="},"public":{"type":"Buffer","data":"/ZUv2InhpsBU/sELG/FkpvFAVks3GVqb7zBqTwelJVQ="}},"signedPreKey":{"keyPair":{"private":{"type":"Buffer","data":"mG54RZ1dA633kRO9ZLVyNYIKH0xae7WymSowxr4MQEY="},"public":{"type":"Buffer","data":"Ub+bgPDNGlvtOHkhGzpq5rHmVPpBtWp0NQV6f5umExE="}},"signature":{"type":"Buffer","data":"FE/pnYxji1AxEDpu/hVLxvhPRx98/SLnGHANPSmGC3fxtEnGlv0pGhsGZt5+rXcL5MxDqWZ7PTxCI01Tcdl1DQ=="},"keyId":1},"registrationId":147,"advSecretKey":"6JpAXnZSvz8zh/I8f7kBPSqUnTEmiWgpup6h0gkpBc0=","processedHistoryMessages":[{"key":{"remoteJid":"639380859380@s.whatsapp.net","fromMe":true,"id":"0303DB0AD5CBD5C30A4CFF6D677A03CA"},"messageTimestamp":1729265382},{"key":{"remoteJid":"639380859380@s.whatsapp.net","fromMe":true,"id":"C77BFFE3A41EE150711E1E109E0CBB7A"},"messageTimestamp":1729265382},{"key":{"remoteJid":"639380859380@s.whatsapp.net","fromMe":true,"id":"7B15E0B322A9C32591EF3FE0F8277247"},"messageTimestamp":1729265383},{"key":{"remoteJid":"639380859380@s.whatsapp.net","fromMe":true,"id":"A0B43FAA063867038085A8169DBF74C9"},"messageTimestamp":1729265383}],"nextPreKeyId":46,"firstUnuploadedPreKeyId":46,"accountSyncCounter":1,"accountSettings":{"unarchiveChats":false},"deviceId":"5eg3_Z3ESWqnrVzFNzODxQ","phoneId":"80386d79-81cb-4caa-928a-2e9e8006d308","identityId":{"type":"Buffer","data":"mgyA0V2oJkkneYnny+86LT7TMmk="},"registered":true,"backupToken":{"type":"Buffer","data":"ESmLO+T7Dnd6E08ZcnmtucCDPvw="},"registration":{},"pairingCode":"9TH4PST7","routingInfo":{"type":"Buffer","data":"CAUIEg=="},"me":{"id":"639380859380:1@s.whatsapp.net","name":"anyongphet tinlow","lid":"279010286284831:1@lid"},"account":{"details":"CIeoju8FEOH9ybgGGAEgACgA","accountSignatureKey":"NsoaViUuUBbyBdp1rHz6JwczOKigYq/RmA1BJ4kXoQQ=","accountSignature":"xCkNAUCkgj1z9f42NjvAx6/OjSV70HskA+9cEc5LeQ3XaWCzR6PwBxqtul+oXI04C4LqpyLCHWipuG1ML91AAg==","deviceSignature":"Y/QBYxcK1DhCPpaeDdAofK3ObjmesAXQS+x/AFhWvRmn6G14/fTGRE/n1aA68CP1Z3NC/6jATIl6QDMgPbyvDA=="},"signalIdentities":[{"identifier":{"name":"639380859380:1@s.whatsapp.net","deviceId":0},"identifierKey":{"type":"Buffer","data":"BTbKGlYlLlAW8gXadax8+icHMziooGKv0ZgNQSeJF6EE"}}],"platform":"android","lastAccountSyncTimestamp":1731858611,"myAppStateKeyId":"AAAAAH2b","lastPropHash":"4eUNDn"}