[{"senderKeyId":280910803,"senderChainKey":{"iteration":10,"seed":"M9AKErlNWmqSh6g/pUR/9yWf1iSfzhFe/bQZQG+pH5k="},"senderSigningKey":{"public":"BVfTEX18prWMMHVQoLM48o0wlGcT9epukR44MncqXRtg"},"senderMessageKeys":[]},{"senderKeyId":280910803,"senderChainKey":{"iteration":8,"seed":"5x3CA+8U68dpme1Bdvb56Qj+jsB4nIgpuJs6ib0qQHs="},"senderSigningKey":{"public":"BVfTEX18prWMMHVQoLM48o0wlGcT9epukR44MncqXRtg"},"senderMessageKeys":[]},{"senderKeyId":551647179,"senderChainKey":{"iteration":4,"seed":"UWNw342IAMiD4mHXlBXtFHHg9F3CN5MDwEI6jkEYBwg="},"senderSigningKey":{"public":"BXMU/AwSJTAbL5sGcTdp23CBjp8oz8bohH4IlyI3/sw5"},"senderMessageKeys":[]},{"senderKeyId":551647179,"senderChainKey":{"iteration":4,"seed":"UWNw342IAMiD4mHXlBXtFHHg9F3CN5MDwEI6jkEYBwg="},"senderSigningKey":{"public":"BXMU/AwSJTAbL5sGcTdp23CBjp8oz8bohH4IlyI3/sw5"},"senderMessageKeys":[]},{"senderKeyId":567677598,"senderChainKey":{"iteration":2,"seed":"VwCEqDQ36DzMG8ReMsqcKz62H2HgqbDD+4Y/Rx4DMzA="},"senderSigningKey":{"public":"BdKDe2/04ozjVBBC1pr+QdBAXNaM2k4IBUD9zyYO5SZK"},"senderMessageKeys":[]}]