[{"senderKeyId":1535679362,"senderChainKey":{"iteration":4,"seed":"tADsElgIcNBmwGljl6wSgIeSMcIjZRnE3tERQ92l7ds="},"senderSigningKey":{"public":"BdaeoJAx2HH/cg5o/5WzO9y/2WcX74E7G4z6pCR5tdIK"},"senderMessageKeys":[]},{"senderKeyId":1631864647,"senderChainKey":{"iteration":4,"seed":"6laloWPP+xjOD77hQabL/beLFMjM+SE7YwzGeFnY62A="},"senderSigningKey":{"public":"BS/z5xD054wQ5pHfKfmgFRSA9hisoG/bM1paWB+b12EO"},"senderMessageKeys":[]},{"senderKeyId":1538539996,"senderChainKey":{"iteration":1,"seed":"Kbn9kawlQreXYkngA0G6v8xOZ/KwIfYcZvgHCqmqHog="},"senderSigningKey":{"public":"BS0Q50Do4+vU/pSDJ9ZBL/gYBmoPt/Goe6VmXe5TSYNY"},"senderMessageKeys":[]},{"senderKeyId":1713535065,"senderChainKey":{"iteration":1,"seed":"ERltoOcC9CqO4+u5mU7eDKhi2vZaZgRyxHFpS8ZEKSA="},"senderSigningKey":{"public":"BfhcaGaElakBj45XK0nDHW2lD6+JnRhEyh1G9VvV7YcW"},"senderMessageKeys":[]},{"senderKeyId":1912058404,"senderChainKey":{"iteration":1,"seed":"UHD2CP8zE5sUdrDOsGrfy/urx2qqh7kvonRvZkMro/4="},"senderSigningKey":{"public":"BW6ektHWc/rLp8pi3D/1AUy1Taj265CmPvO1AdAOS8k7"},"senderMessageKeys":[]}]