{"_sessions":{"Bas9vgQNirKAE9Q58fCnH66bVLI/TYD/+Mvqps80M0Jx":{"registrationId":730435938,"currentRatchet":{"ephemeralKeyPair":{"pubKey":"Bea5KVr3cSDfI+0nZAkJd2T917Qo3p4o2+CI2Zo34Ns3","privKey":"8EGobtwECPxifgBI7dabtkK+vJoLjYoP0fXLf66oy2c="},"lastRemoteEphemeralKey":"BablSPmYe6om7k/PCBq54UNs52FlUMGRIKBF3V6EHSNQ","previousCounter":0,"rootKey":"0b4Zwvf+TgQWUMz4Qu7U8Dx3uZ0/mHEVIogzBUPuPTc="},"indexInfo":{"baseKey":"Bas9vgQNirKAE9Q58fCnH66bVLI/TYD/+Mvqps80M0Jx","baseKeyType":1,"closed":1729266527097,"used":1729266527022,"created":1729266527022,"remoteIdentityKey":"BUX615mpCriPrVVMjlOTXPZa/GCMKjgWZujyZ91uFlxa"},"_chains":{"Bea5KVr3cSDfI+0nZAkJd2T917Qo3p4o2+CI2Zo34Ns3":{"chainKey":{"counter":0,"key":"ZTdF6+Xuf2t1AhIE+pYZ9m7CDznFJElKCVBKmvq+y4Q="},"chainType":1,"messageKeys":{}}},"pendingPreKey":{"signedKeyId":0,"baseKey":"Bas9vgQNirKAE9Q58fCnH66bVLI/TYD/+Mvqps80M0Jx","preKeyId":9054728}},"BSqpWsOAgekw4bnOwv/DhNcLItP2payxoLoq9ajQNNYF":{"registrationId":730435938,"currentRatchet":{"ephemeralKeyPair":{"pubKey":"BUw8d0t+nNZc9bB2pscFPLPx2jmIG28R4WRwn7h2YNFR","privKey":"QCADxLEQ2HP53n8kgHKk7NPbo//FikkGHB6dtCTJzUU="},"lastRemoteEphemeralKey":"BablSPmYe6om7k/PCBq54UNs52FlUMGRIKBF3V6EHSNQ","previousCounter":0,"rootKey":"aV2htLOYryugMf8UKWsk27hMlXguo4IBPQc0xgyBPtk="},"indexInfo":{"baseKey":"BSqpWsOAgekw4bnOwv/DhNcLItP2payxoLoq9ajQNNYF","baseKeyType":1,"closed":1729266527141,"used":1729266527077,"created":1729266527077,"remoteIdentityKey":"BUX615mpCriPrVVMjlOTXPZa/GCMKjgWZujyZ91uFlxa"},"_chains":{"BUw8d0t+nNZc9bB2pscFPLPx2jmIG28R4WRwn7h2YNFR":{"chainKey":{"counter":0,"key":"KSAz/qdD5SiQna/kK+w4eYYvr5Tv7p3/ri7aPJoUx2U="},"chainType":1,"messageKeys":{}}},"pendingPreKey":{"signedKeyId":0,"baseKey":"BSqpWsOAgekw4bnOwv/DhNcLItP2payxoLoq9ajQNNYF","preKeyId":9055428}},"BcAUvSPjtlAKFyRPm9T+GVZHKa+Dgeu8zrIR6cPTQ5Bc":{"registrationId":730435938,"currentRatchet":{"ephemeralKeyPair":{"pubKey":"BT7v7SX704Rboi3gtZ+lkkquC9iLN4B9Y1ndavwYlvAO","privKey":"yFIlcxhgxpunBJ+9rrcMzzN/XXT2dIA9cK6YIalMsWg="},"lastRemoteEphemeralKey":"BablSPmYe6om7k/PCBq54UNs52FlUMGRIKBF3V6EHSNQ","previousCounter":0,"rootKey":"y7bzxpP9XBWtxdPTI6vC2kkIKYsGsiXebYmWChXQ1P0="},"indexInfo":{"baseKey":"BcAUvSPjtlAKFyRPm9T+GVZHKa+Dgeu8zrIR6cPTQ5Bc","baseKeyType":1,"closed":1729266527182,"used":1729266527131,"created":1729266527131,"remoteIdentityKey":"BUX615mpCriPrVVMjlOTXPZa/GCMKjgWZujyZ91uFlxa"},"_chains":{"BT7v7SX704Rboi3gtZ+lkkquC9iLN4B9Y1ndavwYlvAO":{"chainKey":{"counter":0,"key":"SQEfJGvaDi8gmEE6tZdLYKrtSVJDzNaxy388A65RZGk="},"chainType":1,"messageKeys":{}}},"pendingPreKey":{"signedKeyId":0,"baseKey":"BcAUvSPjtlAKFyRPm9T+GVZHKa+Dgeu8zrIR6cPTQ5Bc","preKeyId":9054659}},"BeTAw7Gt/Ve4HgMDvWhZd8kGH2w2pIpbsOtgYHbwjpAC":{"registrationId":730435938,"currentRatchet":{"ephemeralKeyPair":{"pubKey":"BSfR0OSKhQ6wlJOhwXoCptB7wtzzUAYDXhGb0DPcU4Iq","privKey":"YGCx1Wy2uT2AFVJEwJHOCg+AzjXKZ5H2QR06tSsuhnM="},"lastRemoteEphemeralKey":"BablSPmYe6om7k/PCBq54UNs52FlUMGRIKBF3V6EHSNQ","previousCounter":0,"rootKey":"k17kfbhA5IPWU+Fhm97PXMHMJoNoSd5dSdF6v9Efj+M="},"indexInfo":{"baseKey":"BeTAw7Gt/Ve4HgMDvWhZd8kGH2w2pIpbsOtgYHbwjpAC","baseKeyType":1,"closed":1729266527239,"used":1729266527174,"created":1729266527174,"remoteIdentityKey":"BUX615mpCriPrVVMjlOTXPZa/GCMKjgWZujyZ91uFlxa"},"_chains":{"BSfR0OSKhQ6wlJOhwXoCptB7wtzzUAYDXhGb0DPcU4Iq":{"chainKey":{"counter":0,"key":"6BvkFTUChonvUtA0suwXf1BOTg3wFjZNYFBcRqPFCwU="},"chainType":1,"messageKeys":{}}},"pendingPreKey":{"signedKeyId":0,"baseKey":"BeTAw7Gt/Ve4HgMDvWhZd8kGH2w2pIpbsOtgYHbwjpAC","preKeyId":9055357}},"BccpKiBK1zoyGVBhzgLDjL24lWpBuT9jjCpNvmNNleFC":{"registrationId":730435938,"currentRatchet":{"ephemeralKeyPair":{"pubKey":"BR5hAUZXw3mV+HMiI/uX8CMJlqwmdT1pETVDRdFpQrhA","privKey":"OPHQ9nMUyeUlOZeQKXYivkk6I/QQZwASknpDE6SvP0s="},"lastRemoteEphemeralKey":"BablSPmYe6om7k/PCBq54UNs52FlUMGRIKBF3V6EHSNQ","previousCounter":0,"rootKey":"CeXGGO2UqXPJHG4IIC1IpvXh6WSMLw0nEndarWHkoCA="},"indexInfo":{"baseKey":"BccpKiBK1zoyGVBhzgLDjL24lWpBuT9jjCpNvmNNleFC","baseKeyType":1,"closed":1729266527290,"used":1729266527228,"created":1729266527228,"remoteIdentityKey":"BUX615mpCriPrVVMjlOTXPZa/GCMKjgWZujyZ91uFlxa"},"_chains":{"BR5hAUZXw3mV+HMiI/uX8CMJlqwmdT1pETVDRdFpQrhA":{"chainKey":{"counter":0,"key":"bwYAGnz9GyMsLuc3gIYoRyHun0XVWP1G2elRyIw+SuY="},"chainType":1,"messageKeys":{}}},"pendingPreKey":{"signedKeyId":0,"baseKey":"BccpKiBK1zoyGVBhzgLDjL24lWpBuT9jjCpNvmNNleFC","preKeyId":9054698}},"BZayUeu3BSP9QFPUPxJBHET2l0MvjqKqauQ5+YJOGB97":{"registrationId":730435938,"currentRatchet":{"ephemeralKeyPair":{"pubKey":"BS0XF0cDbCDQzKzev7sSW+kBYp7LcGqIn37WLVuARrsk","privKey":"KHu+iv8XQI+mMFHZLZGacQyPlzYH2NwljxL5dBTdX3s="},"lastRemoteEphemeralKey":"BablSPmYe6om7k/PCBq54UNs52FlUMGRIKBF3V6EHSNQ","previousCounter":0,"rootKey":"aUOI1vObIjdmU5iRQ673Xs87GgVGHy5KziS46rLvfy0="},"indexInfo":{"baseKey":"BZayUeu3BSP9QFPUPxJBHET2l0MvjqKqauQ5+YJOGB97","baseKeyType":1,"closed":1729266527341,"used":1729266527281,"created":1729266527281,"remoteIdentityKey":"BUX615mpCriPrVVMjlOTXPZa/GCMKjgWZujyZ91uFlxa"},"_chains":{"BS0XF0cDbCDQzKzev7sSW+kBYp7LcGqIn37WLVuARrsk":{"chainKey":{"counter":0,"key":"LdtuTJ3n9fgn4rN6LmQyIhi0wueR+Ar0XM1O381Dll8="},"chainType":1,"messageKeys":{}}},"pendingPreKey":{"signedKeyId":0,"baseKey":"BZayUeu3BSP9QFPUPxJBHET2l0MvjqKqauQ5+YJOGB97","preKeyId":9055454}},"BXuLxFwtSo95gfsR6h55PjdBk3ojC1DQhNgkGBrVx0R1":{"registrationId":730435938,"currentRatchet":{"ephemeralKeyPair":{"pubKey":"BWmvTAx/xjMlzjrrEqZLWspagoNXi2sIE2xBcrtflWFx","privKey":"ANFae4Ef8SM7cIM8MygQ4z6QzJy5AnkBHMMzyve9c3o="},"lastRemoteEphemeralKey":"BablSPmYe6om7k/PCBq54UNs52FlUMGRIKBF3V6EHSNQ","previousCounter":0,"rootKey":"gg8V7amxF94fhmvu8QETP4TSUTSqcP0WYXozuM1WVJw="},"indexInfo":{"baseKey":"BXuLxFwtSo95gfsR6h55PjdBk3ojC1DQhNgkGBrVx0R1","baseKeyType":1,"closed":1729266527386,"used":1729266527331,"created":1729266527331,"remoteIdentityKey":"BUX615mpCriPrVVMjlOTXPZa/GCMKjgWZujyZ91uFlxa"},"_chains":{"BWmvTAx/xjMlzjrrEqZLWspagoNXi2sIE2xBcrtflWFx":{"chainKey":{"counter":0,"key":"oRsYHnAvaulb6MQaIUx45ocSoQeWIu5NwumEi94dMAM="},"chainType":1,"messageKeys":{}}},"pendingPreKey":{"signedKeyId":0,"baseKey":"BXuLxFwtSo95gfsR6h55PjdBk3ojC1DQhNgkGBrVx0R1","preKeyId":9054672}},"BVvXuNiZ+CpBhy0cCDnMJIeYlkGRBhLB8WIrhRR6wnFn":{"registrationId":730435938,"currentRatchet":{"ephemeralKeyPair":{"pubKey":"BTQO2WhQac7SJZ82/JGf3il37XgxatgEFHrJToFCIrZP","privKey":"UB7vT7ezuulBCOm5y0ZMmbY9PSZjI+FcDWprKYNfp0o="},"lastRemoteEphemeralKey":"BablSPmYe6om7k/PCBq54UNs52FlUMGRIKBF3V6EHSNQ","previousCounter":0,"rootKey":"ddGVCBWBlWTwUY8UVw2Rna/eFVaaXz97EvGJFvrcRu4="},"indexInfo":{"baseKey":"BVvXuNiZ+CpBhy0cCDnMJIeYlkGRBhLB8WIrhRR6wnFn","baseKeyType":1,"closed":1729266527433,"used":1729266527378,"created":1729266527378,"remoteIdentityKey":"BUX615mpCriPrVVMjlOTXPZa/GCMKjgWZujyZ91uFlxa"},"_chains":{"BTQO2WhQac7SJZ82/JGf3il37XgxatgEFHrJToFCIrZP":{"chainKey":{"counter":0,"key":"iflhO1KAQKTZCPRyQjldPYM7lgcT152lN+PQnbk3rBI="},"chainType":1,"messageKeys":{}}},"pendingPreKey":{"signedKeyId":0,"baseKey":"BVvXuNiZ+CpBhy0cCDnMJIeYlkGRBhLB8WIrhRR6wnFn","preKeyId":9055398}},"BRdyk9o1bjSlyAB/u3Xg/QRE8sYIKwHybr4N+QBJLDUJ":{"registrationId":730435938,"currentRatchet":{"ephemeralKeyPair":{"pubKey":"BXGeVMFFreQxvxFTmMYPfz03oHW5OhvUuVb0uoQrAEYy","privKey":"eD7F3Kmw+KIN4tQm9Rxi6k83XTgU48+z6hCmtKNvllw="},"lastRemoteEphemeralKey":"BablSPmYe6om7k/PCBq54UNs52FlUMGRIKBF3V6EHSNQ","previousCounter":0,"rootKey":"Yi2/XqguscGgl+IpsvoVzypwDymlv7e9muTFLu2X8m4="},"indexInfo":{"baseKey":"BRdyk9o1bjSlyAB/u3Xg/QRE8sYIKwHybr4N+QBJLDUJ","baseKeyType":1,"closed":1729266527477,"used":1729266527425,"created":1729266527425,"remoteIdentityKey":"BUX615mpCriPrVVMjlOTXPZa/GCMKjgWZujyZ91uFlxa"},"_chains":{"BXGeVMFFreQxvxFTmMYPfz03oHW5OhvUuVb0uoQrAEYy":{"chainKey":{"counter":0,"key":"bRW8jCrSFXHidWV1C3v4hut0ZTxovvw5frVhOgnx7Ok="},"chainType":1,"messageKeys":{}}},"pendingPreKey":{"signedKeyId":0,"baseKey":"BRdyk9o1bjSlyAB/u3Xg/QRE8sYIKwHybr4N+QBJLDUJ","preKeyId":9054703}},"BRSYUofRV5z5tJAwLyzcutFN9ZYNLgo32fEl6z6CdEtz":{"registrationId":730435938,"currentRatchet":{"ephemeralKeyPair":{"pubKey":"BZRhD5D83jWVsZROcwa4OKAUJVkKTw4Ox3HfTp/0eXNo","privKey":"yBkPYM5lcD38/h1r5McnTPJB4G6FOChnCzXymLrgqEM="},"lastRemoteEphemeralKey":"BablSPmYe6om7k/PCBq54UNs52FlUMGRIKBF3V6EHSNQ","previousCounter":0,"rootKey":"vA/iBVg4Z0/qoKdqm58C4G7AIBwM1XATxqybQY8Kc1E="},"indexInfo":{"baseKey":"BRSYUofRV5z5tJAwLyzcutFN9ZYNLgo32fEl6z6CdEtz","baseKeyType":1,"closed":-1,"used":1729266527469,"created":1729266527469,"remoteIdentityKey":"BUX615mpCriPrVVMjlOTXPZa/GCMKjgWZujyZ91uFlxa"},"_chains":{"BZRhD5D83jWVsZROcwa4OKAUJVkKTw4Ox3HfTp/0eXNo":{"chainKey":{"counter":10,"key":"qSCaYwsbO14RBH2TEzmxDCLQ+vit0uy5SM8zSju1O2Q="},"chainType":1,"messageKeys":{}}},"pendingPreKey":{"signedKeyId":0,"baseKey":"BRSYUofRV5z5tJAwLyzcutFN9ZYNLgo32fEl6z6CdEtz","preKeyId":9054739}}},"version":"v1"}