{"_sessions":{"BSVm104IUOD11Am0qxgJhWS1At+YK7ibPTq7RCKXZ/5O":{"registrationId":3508476569,"currentRatchet":{"ephemeralKeyPair":{"pubKey":"BayeRT3kpEbPP4t81V8lgnG8Rer1jAeWO2q8bOHbMLgx","privKey":"+AGPiTkQvnstvveNfbT+wQ4r+jyWCJdD1Y4PrBRgOmI="},"lastRemoteEphemeralKey":"BRZlmvYHNjvnNQwZnR3t3rXIvh077H49Eq95pkPoB1lS","previousCounter":0,"rootKey":"NY0DjmeYCepLE0UTiKESLHeGjoh02PASTIqIRUEUvxM="},"indexInfo":{"baseKey":"BSVm104IUOD11Am0qxgJhWS1At+YK7ibPTq7RCKXZ/5O","baseKeyType":1,"closed":-1,"used":1730738569263,"created":1730738569263,"remoteIdentityKey":"BQwU/81f8/1DjaiynYf70p1DgivAlxzfaRETnvv1U6dW"},"_chains":{"BayeRT3kpEbPP4t81V8lgnG8Rer1jAeWO2q8bOHbMLgx":{"chainKey":{"counter":0,"key":"L5B0BCNTVslx8ybnbKmLBjG9hCPXL2+b+4AGuvUYqjk="},"chainType":1,"messageKeys":{}}},"pendingPreKey":{"signedKeyId":13626819,"baseKey":"BSVm104IUOD11Am0qxgJhWS1At+YK7ibPTq7RCKXZ/5O"}}},"version":"v1"}