{"_sessions":{"BTgYQ4IBgPw2260Day/Z7j51Pk8D+kAeFJ9iXTaaP6Q7":{"registrationId":229550871,"currentRatchet":{"ephemeralKeyPair":{"pubKey":"Bci8Xt1NL9Kv1O0DAIE/YiGdtj54Sre+e/ZBAuwz7Q0I","privKey":"gIGGrgm7i7MDLlIxPPNlr2asGif+NgBHZIX6FqVYykc="},"lastRemoteEphemeralKey":"BVZ7A3g9F8riH55fzMan2kYtHnbyfcqEvFmlNI/Wg90X","previousCounter":0,"rootKey":"KvEW95ZG+LEXS01g0fnVlwlNTV8gi06EwLMvHumXPow="},"indexInfo":{"baseKey":"BTgYQ4IBgPw2260Day/Z7j51Pk8D+kAeFJ9iXTaaP6Q7","baseKeyType":1,"closed":1730553298234,"used":1729329153584,"created":1729328530188,"remoteIdentityKey":"BYbAmhwmZp6kpuLPTzdTTKdYL+S4l5qi+8Oq/VSue0d3"},"_chains":{"Bfs4+LFQjBexwk3BYY00mIFEz63TkloEoaUNj4EuIxkE":{"chainKey":{"counter":0},"chainType":2,"messageKeys":{}},"BUb1uY3aMKMOgA0DzZTy+ohEZdDhgWZ14q3Ew/zenXI0":{"chainKey":{"counter":0},"chainType":2,"messageKeys":{}},"BVZ7A3g9F8riH55fzMan2kYtHnbyfcqEvFmlNI/Wg90X":{"chainKey":{"counter":0,"key":"DB4Is7233gFhKgpVNCK7iBBdC1nA/CLsaZe/55fgp60="},"chainType":2,"messageKeys":{}},"Bci8Xt1NL9Kv1O0DAIE/YiGdtj54Sre+e/ZBAuwz7Q0I":{"chainKey":{"counter":37,"key":"ZjSDo1uWxfQLGBCeWgqdJJv12hYjU2+ykkQQPZg6SzY="},"chainType":1,"messageKeys":{}}}},"BdTw7ypbO9j9BB5+UrxuYiCyUohM46Lcbr6fnKZp0aRY":{"registrationId":229550871,"currentRatchet":{"ephemeralKeyPair":{"pubKey":"BbUtZSVpuOPFs8Vo6lOBkHjZso6/2lJVBr9LrsDe828C","privKey":"QFgz9N/ioyRDYkFtrYVXxZEvpR3202LmPWnA4oEny0w="},"lastRemoteEphemeralKey":"BXLhTeMGEXcjTFay9VlDMxJdOra/JHUmpl1FwUTJ3Y9h","previousCounter":0,"rootKey":"UnDGdGbT5DclBWmNWnBZgTrJnkaH0jycWi8eAx/07xU="},"indexInfo":{"baseKey":"BdTw7ypbO9j9BB5+UrxuYiCyUohM46Lcbr6fnKZp0aRY","baseKeyType":1,"closed":-1,"used":1730553298224,"created":1730553298224,"remoteIdentityKey":"BYbAmhwmZp6kpuLPTzdTTKdYL+S4l5qi+8Oq/VSue0d3"},"_chains":{"BbUtZSVpuOPFs8Vo6lOBkHjZso6/2lJVBr9LrsDe828C":{"chainKey":{"counter":4,"key":"o/JsXPzjbKMC3xCc1iXvL2rgR/0K/cegMx+zEIejFB4="},"chainType":1,"messageKeys":{}}},"pendingPreKey":{"signedKeyId":7,"baseKey":"BdTw7ypbO9j9BB5+UrxuYiCyUohM46Lcbr6fnKZp0aRY","preKeyId":8679960}}},"version":"v1"}