{"_sessions":{"BUsuctuoU7NSK1VCO04WZyZs7gaSMSYplPvTTYk9IfBO":{"registrationId":3227441621,"currentRatchet":{"ephemeralKeyPair":{"pubKey":"Bcov58cuCtwvhuHe4hcdB5O9yqrtwU+ZFI7GgH59Btl0","privKey":"GL0BiISExzz+P1I2zI2DNQpEgS8626y4LwM5WdprsVI="},"lastRemoteEphemeralKey":"BSem2IMCGtnZEu/KvLafh7tRgOarrXaHuDsS5+cRWm1p","previousCounter":0,"rootKey":"ZqMxb67NXJBaJ3kaSd3PYmotF+HGxkzixUWH2YFCsWk="},"indexInfo":{"baseKey":"BUsuctuoU7NSK1VCO04WZyZs7gaSMSYplPvTTYk9IfBO","baseKeyType":1,"closed":1731601272020,"used":1731601271750,"created":1731601271750,"remoteIdentityKey":"BeILXnnh+HM223EkyjV+EdMSoVj6hobFFaS9AXWdmMl3"},"_chains":{"Bcov58cuCtwvhuHe4hcdB5O9yqrtwU+ZFI7GgH59Btl0":{"chainKey":{"counter":11,"key":"nx5gmeE3EAvjwhHSlWY4zphccLznidW8Y2U0rAlB7hQ="},"chainType":1,"messageKeys":{}}},"pendingPreKey":{"signedKeyId":3834296,"baseKey":"BUsuctuoU7NSK1VCO04WZyZs7gaSMSYplPvTTYk9IfBO"}},"BXPzzycqCtk0cB9alFlrguolLHK6OahUtuvFPuAyuNQD":{"registrationId":2675583380,"currentRatchet":{"ephemeralKeyPair":{"pubKey":"BbaccvnrTcWrlz3fBbxzgeJAhFCnTHxjISiKd77pGeEp","privKey":"YJx9kGda/rqm3B4MOunYC7zLPCyBKSrrrwSorcdXc0c="},"lastRemoteEphemeralKey":"BZjb2Vf7Zs53J7do4neDxMe2x1ZAFxJpSgeU/cvqxyB9","previousCounter":0,"rootKey":"Ngip0Iy1g3OFuBY6NpuNr2wyrEELomBd3AHRfMAB51A="},"indexInfo":{"baseKey":"BXPzzycqCtk0cB9alFlrguolLHK6OahUtuvFPuAyuNQD","baseKeyType":1,"closed":1731601272196,"used":1731601272014,"created":1731601272014,"remoteIdentityKey":"BY2rcIBPoWpWMzwFGbtRnsBWYeCY1r3QjHrN4G/p/b1H"},"_chains":{"BbaccvnrTcWrlz3fBbxzgeJAhFCnTHxjISiKd77pGeEp":{"chainKey":{"counter":9,"key":"jk8v3cwv4zk/Cqbz48B8WP70A3TfA4Q9PpLFZ/KlqIk="},"chainType":1,"messageKeys":{}}},"pendingPreKey":{"signedKeyId":13289659,"baseKey":"BXPzzycqCtk0cB9alFlrguolLHK6OahUtuvFPuAyuNQD"}},"BT8LD65CGZZrAc+7qNZtNurkg1CC3BrOEboFeBqeMW4F":{"registrationId":3035261720,"currentRatchet":{"ephemeralKeyPair":{"pubKey":"BTBWjoRLtSOlnPV/pel4/GM6YbLqLK9d0dNIftgBnF4T","privKey":"eAi9e0s3Ol1TyFfiYhn4zPK6ZhDZEDpO41qsShBJkGM="},"lastRemoteEphemeralKey":"BfEKlqZSAQrfux8QyUR0Zxy+mUXpidgldB3FlOH16AoU","previousCounter":0,"rootKey":"U1D+SmksWFec9ReYiF42AhWt0jm/NYt/pSOAE6+mG2U="},"indexInfo":{"baseKey":"BT8LD65CGZZrAc+7qNZtNurkg1CC3BrOEboFeBqeMW4F","baseKeyType":1,"closed":1731601272273,"used":1731601272190,"created":1731601272190,"remoteIdentityKey":"BY/48M7L8ES0ZzeL2801yUFfERukM4Lu7MgYH74zV8ta"},"_chains":{"BTBWjoRLtSOlnPV/pel4/GM6YbLqLK9d0dNIftgBnF4T":{"chainKey":{"counter":0,"key":"vslJfC9KKZ8zrO/HAP97Wnhlurslox1mN/Sc33oSp/0="},"chainType":1,"messageKeys":{}}},"pendingPreKey":{"signedKeyId":10436112,"baseKey":"BT8LD65CGZZrAc+7qNZtNurkg1CC3BrOEboFeBqeMW4F"}},"Bc3b3zQLWHAmFCIpZhicRqQiA4rLVtieh+PREOWMv4lE":{"registrationId":3237492692,"currentRatchet":{"ephemeralKeyPair":{"pubKey":"BSSUO37OfBG8G85GdcL4L+eowX228HANzgUJfXzUn8ox","privKey":"MCI+CYY2FdhXoaTl7j1V3WMlnHWqQ5dWPPSjYtsshUE="},"lastRemoteEphemeralKey":"Ba9iuweE4lIaLJfJgCwKTAqdQHkFp7i6uz+H60ioBFdA","previousCounter":0,"rootKey":"+V3qyoqzQiSQiRKhMebtz9xb/QOw9BIi1l5I7rFyr6M="},"indexInfo":{"baseKey":"Bc3b3zQLWHAmFCIpZhicRqQiA4rLVtieh+PREOWMv4lE","baseKeyType":1,"closed":1731601273339,"used":1731601272267,"created":1731601272267,"remoteIdentityKey":"Bd2FRO7Tia4d+zqxwtg9ChRDEK9cSjyqnRVwTI/Nw8IZ"},"_chains":{"BSSUO37OfBG8G85GdcL4L+eowX228HANzgUJfXzUn8ox":{"chainKey":{"counter":0,"key":"lw1AKmXVy2rYyXCfS3w+8amA3hIQp/8jmQvxMuba2Y4="},"chainType":1,"messageKeys":{}}},"pendingPreKey":{"signedKeyId":5331526,"baseKey":"Bc3b3zQLWHAmFCIpZhicRqQiA4rLVtieh+PREOWMv4lE"}},"BcvU4ujMXUaSQH/DaGjTrXflMIfQ/QigThpyCTsomJkU":{"registrationId":4059884666,"currentRatchet":{"ephemeralKeyPair":{"pubKey":"BV2JDFUwFbNqBOoJq5xS3CfRLlvfpLljp9xhTDA/Q2w+","privKey":"MLTBM0Ymnk2Bj9zr6rzv1xcsb5Yujspl1v5jWRM5In4="},"lastRemoteEphemeralKey":"BeHckYhgt21F2wjpZ1ATpXsBqklt5clsIdbjqlTMiVoa","previousCounter":0,"rootKey":"M6DKoKf0DDU0Te10nq8i7qqOE4Xos8zS24CQN+hEfjA="},"indexInfo":{"baseKey":"BcvU4ujMXUaSQH/DaGjTrXflMIfQ/QigThpyCTsomJkU","baseKeyType":1,"closed":1731601275161,"used":1731601273334,"created":1731601273334,"remoteIdentityKey":"BS2TugaIOSHbGecCrmDTz4a/AYzNBR2uDbwygf7D6J9B"},"_chains":{"BV2JDFUwFbNqBOoJq5xS3CfRLlvfpLljp9xhTDA/Q2w+":{"chainKey":{"counter":0,"key":"I/oAf5DK/nm6cRjKfD1UXiOsjpTVMOgqwc6f851zAac="},"chainType":1,"messageKeys":{}}},"pendingPreKey":{"signedKeyId":8549406,"baseKey":"BcvU4ujMXUaSQH/DaGjTrXflMIfQ/QigThpyCTsomJkU"}},"BSFijAzH9b2FzhLPmWsGuxbJpTQQB8Y3SHh3tzOOEVoZ":{"registrationId":433001200,"currentRatchet":{"ephemeralKeyPair":{"pubKey":"BfuoPBVQQshUjUjhBMdx1vpECm5Vecu8dV4Q8El7jLNR","privKey":"MLd5tV/re9lfL2CYC+Fkv8m37+GWFuu+us13QucV1GA="},"lastRemoteEphemeralKey":"BWKfnGAHjK5l7zCvajrl+OlixhwnluqZSOnFDYJlrWMe","previousCounter":0,"rootKey":"f9ocxJsnVPRmTIwWYJZW95K6+SoiIwwAGtespigyaKw="},"indexInfo":{"baseKey":"BSFijAzH9b2FzhLPmWsGuxbJpTQQB8Y3SHh3tzOOEVoZ","baseKeyType":1,"closed":-1,"used":1731601275156,"created":1731601275156,"remoteIdentityKey":"BaHmXUj1Llcg5IJ3O1gYLlknL4JgxicJh64QQOh+ies1"},"_chains":{"BfuoPBVQQshUjUjhBMdx1vpECm5Vecu8dV4Q8El7jLNR":{"chainKey":{"counter":7,"key":"UiXESNrAEyFxnwgAbHwQcroMfyqQUFZs6DeYvctX8Yk="},"chainType":1,"messageKeys":{}}},"pendingPreKey":{"signedKeyId":10966540,"baseKey":"BSFijAzH9b2FzhLPmWsGuxbJpTQQB8Y3SHh3tzOOEVoZ"}}},"version":"v1"}