{"_sessions":{"BSOOKDyGl3ygS9NLnhL4EUDarZBnrNDSeVhoPbf423N7":{"registrationId":2273326,"currentRatchet":{"ephemeralKeyPair":{"pubKey":"BTlRCPksYj4ICBi38GP+6O8mHj0pEKB0rP9J40VB9PFj","privKey":"0Hahpp0jKRDzm8lZczRktxN6sELQz2FTgkCQR9RdSEg="},"lastRemoteEphemeralKey":"BTAXt01W9aDA9ut+qin2eO4Ns4xkzPq88O3rd9NpwVNz","previousCounter":0,"rootKey":"RjmTWSPw2tUimi53gIHSNSc1Af5CV2c2eHAk0j+pLp8="},"indexInfo":{"baseKey":"BSOOKDyGl3ygS9NLnhL4EUDarZBnrNDSeVhoPbf423N7","baseKeyType":1,"closed":-1,"used":1730737679600,"created":1730737679600,"remoteIdentityKey":"BcGezxAYo4IVqiGWXGw/IHvSvT8UIRVdF7wQqZjyWy4Z"},"_chains":{"BTlRCPksYj4ICBi38GP+6O8mHj0pEKB0rP9J40VB9PFj":{"chainKey":{"counter":0,"key":"SBNwL/H7z+L1zx3dv8aW3kzA7ZtPfzoxYJq97xPv084="},"chainType":1,"messageKeys":{}}},"pendingPreKey":{"signedKeyId":4951411,"baseKey":"BSOOKDyGl3ygS9NLnhL4EUDarZBnrNDSeVhoPbf423N7"}}},"version":"v1"}