{"_sessions":{"BVKJFne1BFaEK4R19ZTX+jUsg7+bCF02EJQfEMuv3gB5":{"registrationId":1101243424,"currentRatchet":{"ephemeralKeyPair":{"pubKey":"Bdf2vO4CFyWpf8NAWpm5D98wiRNt+w6Hc+WA4uKd00VU","privKey":"oOxg13LjO72LbUw0Jtm4U/d7CjD4DJ4ArDpYWyVXkGc="},"lastRemoteEphemeralKey":"BfEuEk2PErFsJaKAYI5Gr5Ccg8xLnouH9rkadbXx/l1V","previousCounter":2,"rootKey":"tI4/F1di5hhlxRQDCcqUedk2l3qghK+IcgHoiXNfnKk="},"indexInfo":{"baseKey":"BVKJFne1BFaEK4R19ZTX+jUsg7+bCF02EJQfEMuv3gB5","baseKeyType":1,"closed":-1,"used":1729657952752,"created":1729492296284,"remoteIdentityKey":"BSiLE9UuCwzTvMsENd9dmObyX4D9edFKSidrf2vwxv0E"},"_chains":{"BfEuEk2PErFsJaKAYI5Gr5Ccg8xLnouH9rkadbXx/l1V":{"chainKey":{"counter":0,"key":"GQJLMUQWVFjEcM6J05k/sNUDCdPnZiAWlNabKjbhnnw="},"chainType":2,"messageKeys":{}},"Bdf2vO4CFyWpf8NAWpm5D98wiRNt+w6Hc+WA4uKd00VU":{"chainKey":{"counter":4,"key":"bZXh/tt6XMgRJme0RNWwZC9vI+3ly3sJbk0POD6LwE0="},"chainType":1,"messageKeys":{}}}}},"version":"v1"}