{"_sessions":{"BV50BJD5PSJuN9clS5gsl4LAdA2SSnv2c+uUsTaC6cVP":{"registrationId":1867426994,"currentRatchet":{"ephemeralKeyPair":{"pubKey":"BZy6dBNU0wbocPFE4lKGsnW1ZgxqQIDZQDfI4vg++msX","privKey":"UEfrIqKeSw3iRrML/sHOoXM0cZi7UA1/zxK36u3pKUw="},"lastRemoteEphemeralKey":"BQ9jZoTk3WFelQaOvq8iBA/1Wx6rmTqto9IVvh5fCrY1","previousCounter":0,"rootKey":"cOiemLTC8PJkx0EiO7CY5dGDfQl3CDhRdOA5OAVvtIo="},"indexInfo":{"baseKey":"BV50BJD5PSJuN9clS5gsl4LAdA2SSnv2c+uUsTaC6cVP","baseKeyType":1,"closed":-1,"used":1729401505146,"created":1729401454224,"remoteIdentityKey":"BfDWm/StYROOfW80f5Ln/hpA0YFY40FnZnibPP0eKlkl"},"_chains":{"BQ9jZoTk3WFelQaOvq8iBA/1Wx6rmTqto9IVvh5fCrY1":{"chainKey":{"counter":0,"key":"CEEFOJUGu/PgXBK+NhC7Ngr35fLQ57jmieUk5m7zC1I="},"chainType":2,"messageKeys":{}},"BZy6dBNU0wbocPFE4lKGsnW1ZgxqQIDZQDfI4vg++msX":{"chainKey":{"counter":0,"key":"MWRCdo+6iftXvkaxkQLnSBce54+r+vbEw0YLRF/pghI="},"chainType":1,"messageKeys":{}}}}},"version":"v1"}