{"_sessions":{"BWwMG7ZWSgKJU9OUNlhjBDbLSPP8iAWyzm5uLS73Y/po":{"registrationId":1790826863,"currentRatchet":{"ephemeralKeyPair":{"pubKey":"BUmFHcoj/WbU+fu4f3Fg8lkFCSrpIyn7hzIDxm+9uORI","privKey":"iKtbse1YfkFUCWbno1m4w6r9oOu0O+NbCY7ssrsRpHc="},"lastRemoteEphemeralKey":"BdFE4pT4Dzk96YHuJ+wrLiyrtZoU8iCS3fveejY9vrF9","previousCounter":0,"rootKey":"5wzNPLNEc8dptXmkNtVXHu/lDTw8FqllF6wailyTdn0="},"indexInfo":{"baseKey":"BWwMG7ZWSgKJU9OUNlhjBDbLSPP8iAWyzm5uLS73Y/po","baseKeyType":1,"closed":1731601051819,"used":1731601051780,"created":1731601051780,"remoteIdentityKey":"BX/cAFtQJ2KqHsdzejEN6aQbYlLDekEIUeW1aIvtYuJn"},"_chains":{"BUmFHcoj/WbU+fu4f3Fg8lkFCSrpIyn7hzIDxm+9uORI":{"chainKey":{"counter":0,"key":"3Rh92QgZ3iTYtIdxDEmgCg1HTITD4RB1VyudfUYFPJk="},"chainType":1,"messageKeys":{}}},"pendingPreKey":{"signedKeyId":1,"baseKey":"BWwMG7ZWSgKJU9OUNlhjBDbLSPP8iAWyzm5uLS73Y/po","preKeyId":10838213}},"BbSLdzyOhNsSeEtr0zv+MDw+WsefHEcWX2rjsAoysawf":{"registrationId":1790826863,"currentRatchet":{"ephemeralKeyPair":{"pubKey":"Bfa5CQO6xuaogK6J8HbYxs1NpiqtAV5TsznDoikg64s/","privKey":"8IMh1jKefk6oDXyy+JhlgVu1kjYv9L36BrzpbbIoBFg="},"lastRemoteEphemeralKey":"BdFE4pT4Dzk96YHuJ+wrLiyrtZoU8iCS3fveejY9vrF9","previousCounter":0,"rootKey":"WOuuMV28hbAHEWzlLbEn69tJ3Xdn3RTweq9xQm8O16o="},"indexInfo":{"baseKey":"BbSLdzyOhNsSeEtr0zv+MDw+WsefHEcWX2rjsAoysawf","baseKeyType":1,"closed":1731601051854,"used":1731601051811,"created":1731601051811,"remoteIdentityKey":"BX/cAFtQJ2KqHsdzejEN6aQbYlLDekEIUeW1aIvtYuJn"},"_chains":{"Bfa5CQO6xuaogK6J8HbYxs1NpiqtAV5TsznDoikg64s/":{"chainKey":{"counter":0,"key":"/bUA8Ip/5RWdNJ+tBBiNnk1wS4wPPxiFOesHCHtoPmY="},"chainType":1,"messageKeys":{}}},"pendingPreKey":{"signedKeyId":1,"baseKey":"BbSLdzyOhNsSeEtr0zv+MDw+WsefHEcWX2rjsAoysawf","preKeyId":10838780}},"BSaToR/QJW4lYQ+fyYwvkjtpbBtkDYQC+UCMRdrRPI8a":{"registrationId":1790826863,"currentRatchet":{"ephemeralKeyPair":{"pubKey":"BVxvS9kYSemIua6ScOvAOtTuMkJfZe0BhKk7RD+8rJ0T","privKey":"sJLkNZexIpUEiO0qexQ1NvGbTXMk5iaMMeZI7hmcrnE="},"lastRemoteEphemeralKey":"BdFE4pT4Dzk96YHuJ+wrLiyrtZoU8iCS3fveejY9vrF9","previousCounter":0,"rootKey":"7ir5dZ+G5wEaIdRrneMq0NDMpcQGkYycpTdT9Hm2yjk="},"indexInfo":{"baseKey":"BSaToR/QJW4lYQ+fyYwvkjtpbBtkDYQC+UCMRdrRPI8a","baseKeyType":1,"closed":1731601051889,"used":1731601051847,"created":1731601051847,"remoteIdentityKey":"BX/cAFtQJ2KqHsdzejEN6aQbYlLDekEIUeW1aIvtYuJn"},"_chains":{"BVxvS9kYSemIua6ScOvAOtTuMkJfZe0BhKk7RD+8rJ0T":{"chainKey":{"counter":0,"key":"YX6xBiJ84DZyiqbljVLhX5i5YM/nshNYAQe2tlwxU0w="},"chainType":1,"messageKeys":{}}},"pendingPreKey":{"signedKeyId":1,"baseKey":"BSaToR/QJW4lYQ+fyYwvkjtpbBtkDYQC+UCMRdrRPI8a","preKeyId":10838120}},"Bbf5xEyevz4UGsTKO6JUn/qYSs4ozuqavQ2Jc+TcZc8/":{"registrationId":1790826863,"currentRatchet":{"ephemeralKeyPair":{"pubKey":"BXWZiZ9xgu+8A+4GRw8X/7nLuHm38NCgBNZwyXhgfDlJ","privKey":"UJ0pw6aJB19W6JFlPq9eriaXyeQYUzOJlQXRbfjYPmE="},"lastRemoteEphemeralKey":"BdFE4pT4Dzk96YHuJ+wrLiyrtZoU8iCS3fveejY9vrF9","previousCounter":0,"rootKey":"/YDHCrPwT7uPHumL5nf0XqPKFl9oOX+33prbXxEihbI="},"indexInfo":{"baseKey":"Bbf5xEyevz4UGsTKO6JUn/qYSs4ozuqavQ2Jc+TcZc8/","baseKeyType":1,"closed":1731601051925,"used":1731601051882,"created":1731601051882,"remoteIdentityKey":"BX/cAFtQJ2KqHsdzejEN6aQbYlLDekEIUeW1aIvtYuJn"},"_chains":{"BXWZiZ9xgu+8A+4GRw8X/7nLuHm38NCgBNZwyXhgfDlJ":{"chainKey":{"counter":0,"key":"gvKpF3MkdbdWzVUJYmquH2tKzu1aCtsDlwLQhdNG8Z4="},"chainType":1,"messageKeys":{}}},"pendingPreKey":{"signedKeyId":1,"baseKey":"Bbf5xEyevz4UGsTKO6JUn/qYSs4ozuqavQ2Jc+TcZc8/","preKeyId":10838792}},"BSOxHHw2qNPnebNoYQmxWu8kEbD1nC2McS7HMRXAK3ls":{"registrationId":1790826863,"currentRatchet":{"ephemeralKeyPair":{"pubKey":"BXM4zObwM3E0AP05GtfJ/omToUM2w/S6zxEaonioDD0h","privKey":"KPoIMtDriA3VmbqP8r3G5bUj/b5wxC+mCs61lmxNuFM="},"lastRemoteEphemeralKey":"BdFE4pT4Dzk96YHuJ+wrLiyrtZoU8iCS3fveejY9vrF9","previousCounter":0,"rootKey":"6RSKw10f42goQAWpILhUjNIt0JZ//Ps7QWf9l5JmmA4="},"indexInfo":{"baseKey":"BSOxHHw2qNPnebNoYQmxWu8kEbD1nC2McS7HMRXAK3ls","baseKeyType":1,"closed":1731601051960,"used":1731601051918,"created":1731601051918,"remoteIdentityKey":"BX/cAFtQJ2KqHsdzejEN6aQbYlLDekEIUeW1aIvtYuJn"},"_chains":{"BXM4zObwM3E0AP05GtfJ/omToUM2w/S6zxEaonioDD0h":{"chainKey":{"counter":0,"key":"N8eYF9/DJQWDfJbxQc0HTBGnpPiMr4omWirOoUW36gI="},"chainType":1,"messageKeys":{}}},"pendingPreKey":{"signedKeyId":1,"baseKey":"BSOxHHw2qNPnebNoYQmxWu8kEbD1nC2McS7HMRXAK3ls","preKeyId":10838210}},"BW16BXyzRsKJp9LT4SSYxn7mPWBSA+7Hl/3K73W23z46":{"registrationId":1790826863,"currentRatchet":{"ephemeralKeyPair":{"pubKey":"BRCp/fbI+Ghg9KotyuErrMm8/B+UoFUC8IXjkBkRWh9L","privKey":"IOCGqwF7wwhu8D6tZ9I7Vi0QowiaYX8/oG5A0zFGUGA="},"lastRemoteEphemeralKey":"BVLHpoIHbUUIDDqXG7wEKgUi3bpe//leThK/X7b+EVp3","previousCounter":1,"rootKey":"i/AQLd51pBlcx6D4fDPEPUDybhlv/D+flbpa0Kr9aVg="},"indexInfo":{"baseKey":"BW16BXyzRsKJp9LT4SSYxn7mPWBSA+7Hl/3K73W23z46","baseKeyType":1,"closed":-1,"used":1731601054567,"created":1731601051953,"remoteIdentityKey":"BX/cAFtQJ2KqHsdzejEN6aQbYlLDekEIUeW1aIvtYuJn"},"_chains":{"BVLHpoIHbUUIDDqXG7wEKgUi3bpe//leThK/X7b+EVp3":{"chainKey":{"counter":0,"key":"9Krp0JVcLCV08QNRd/d7ojqDMY6+FNbYnghqaKFuG8o="},"chainType":2,"messageKeys":{}},"BRCp/fbI+Ghg9KotyuErrMm8/B+UoFUC8IXjkBkRWh9L":{"chainKey":{"counter":441,"key":"HUb+/moQbJMbejnfjvVB48MVv2ILKuvh/05fGBadSkw="},"chainType":1,"messageKeys":{}}}}},"version":"v1"}