{"_sessions":{"BcPZgS7nCqX15e6PFnhmu1UJLj2SKRD84kS9qmR71c4C":{"registrationId":1617101353,"currentRatchet":{"ephemeralKeyPair":{"pubKey":"BdWWnopOlm1cYVLyc/mX7cHeb0l6UwqB4KBUYHXB5xYm","privKey":"WPPvJEQshnSuLHzAgTwAi6CP8dESo78YTu5aYDJDhmc="},"lastRemoteEphemeralKey":"BR1q86qkMSIVAjaSWAaqQ3E+2GSE8nyrevsYNabZfQhd","previousCounter":248,"rootKey":"BPRe+kKRDX5rNLhAAP6shRwNYJvB0JacN5tNkOtdrgc="},"indexInfo":{"baseKey":"BcPZgS7nCqX15e6PFnhmu1UJLj2SKRD84kS9qmR71c4C","baseKeyType":1,"closed":-1,"used":1731678328984,"created":1731676493333,"remoteIdentityKey":"BW7ociDRin4rbyhRRzOXbDVr4HYiCTrnul+jXCwXrS8c"},"_chains":{"BUM+gqGU7hH5r0ggoalx4RxHwpIRgudrNNhqEvU3uzVQ":{"chainKey":{"counter":1},"chainType":2,"messageKeys":{}},"BR1q86qkMSIVAjaSWAaqQ3E+2GSE8nyrevsYNabZfQhd":{"chainKey":{"counter":0,"key":"psP14UEWvsJ5ejJWYoRcmXUShT1XSWPpl/uoy08PSNo="},"chainType":2,"messageKeys":{}},"BdWWnopOlm1cYVLyc/mX7cHeb0l6UwqB4KBUYHXB5xYm":{"chainKey":{"counter":-1,"key":"aVWxjSBwpfTj5fqtd1g2UZc3/7KRCVL5vQeFtVQk658="},"chainType":1,"messageKeys":{}}}}},"version":"v1"}