{"_sessions":{"BfX2SN6BBm7zAjJIC/et/PkaHd3QpcjxCWY2Duz40DxS":{"registrationId":1938785516,"currentRatchet":{"ephemeralKeyPair":{"pubKey":"BdlbGmBVIH29TQWkASJmpWWrVcMOIFGyWsfXAzGLvMpw","privKey":"uPXibB0gMzrGg7rgBzjHkUZ04Gkz/f4rnXNXSQ7LY38="},"lastRemoteEphemeralKey":"BRXtTL7t+PnrvfBvQTBKa1ZkzPsWPFrokn8xPYRXNq5j","previousCounter":0,"rootKey":"9f/3Vny7vovfZdiIrr9Hb2nykHrJkMYbSuWYmRYiSHs="},"indexInfo":{"baseKey":"BfX2SN6BBm7zAjJIC/et/PkaHd3QpcjxCWY2Duz40DxS","baseKeyType":1,"closed":1731774083608,"used":1731774083510,"created":1731774083510,"remoteIdentityKey":"BfAvevO5L/vXjLoO9yxNQKvB2UgI0xJhi9gTYh838SU1"},"_chains":{"BdlbGmBVIH29TQWkASJmpWWrVcMOIFGyWsfXAzGLvMpw":{"chainKey":{"counter":0,"key":"62V0a2lqC4pSxZlWTMIeaOAJjqExMp1NdPrvDQvSAcE="},"chainType":1,"messageKeys":{}}},"pendingPreKey":{"signedKeyId":1,"baseKey":"BfX2SN6BBm7zAjJIC/et/PkaHd3QpcjxCWY2Duz40DxS","preKeyId":10772741}},"BSYOQyeo1eaAb5JUxUO7Lwyy9q2jyBa7GaCkNPgLiexW":{"registrationId":1938785516,"currentRatchet":{"ephemeralKeyPair":{"pubKey":"BVIJaNmkkhrYiP7xWE9plxiOdG/dlGp9Y/phCNdmjlYL","privKey":"QG4pWMsIjkqQT5AlM/4x86R73oVJ2sjnlGiwrXyDDGE="},"lastRemoteEphemeralKey":"BRXtTL7t+PnrvfBvQTBKa1ZkzPsWPFrokn8xPYRXNq5j","previousCounter":0,"rootKey":"EPBOX+wtdnUXE+AubuMbI537NkROGvgNEQMB2uP84zk="},"indexInfo":{"baseKey":"BSYOQyeo1eaAb5JUxUO7Lwyy9q2jyBa7GaCkNPgLiexW","baseKeyType":1,"closed":1731774083651,"used":1731774083603,"created":1731774083603,"remoteIdentityKey":"BfAvevO5L/vXjLoO9yxNQKvB2UgI0xJhi9gTYh838SU1"},"_chains":{"BVIJaNmkkhrYiP7xWE9plxiOdG/dlGp9Y/phCNdmjlYL":{"chainKey":{"counter":0,"key":"IZNjBlNpdJ0ZSmodi8U/aHoxp67Eqrc9uN9yJJYWgQE="},"chainType":1,"messageKeys":{}}},"pendingPreKey":{"signedKeyId":1,"baseKey":"BSYOQyeo1eaAb5JUxUO7Lwyy9q2jyBa7GaCkNPgLiexW","preKeyId":10772758}},"BZmwQtKiV5hlNdpthtQ3mMMfR371/SeM3jnBes3tjYlj":{"registrationId":1938785516,"currentRatchet":{"ephemeralKeyPair":{"pubKey":"BRgX+3xzjUFlHGkvcC3ZrU2D8o19J7+yrFzwQDgFESg8","privKey":"0L/7aEAjbvaD21q6mljrQZaWICzDZTtULVf46jWE+XU="},"lastRemoteEphemeralKey":"BRXtTL7t+PnrvfBvQTBKa1ZkzPsWPFrokn8xPYRXNq5j","previousCounter":0,"rootKey":"D3EvO1Md0N7UeAv3oMqyzkPwGxmb4ijzs3djbU4Zbws="},"indexInfo":{"baseKey":"BZmwQtKiV5hlNdpthtQ3mMMfR371/SeM3jnBes3tjYlj","baseKeyType":1,"closed":1731774083710,"used":1731774083647,"created":1731774083647,"remoteIdentityKey":"BfAvevO5L/vXjLoO9yxNQKvB2UgI0xJhi9gTYh838SU1"},"_chains":{"BRgX+3xzjUFlHGkvcC3ZrU2D8o19J7+yrFzwQDgFESg8":{"chainKey":{"counter":0,"key":"22n9dl1Likzr35Ti4LsnKYqFyavfRDzdgBY6o+llk1k="},"chainType":1,"messageKeys":{}}},"pendingPreKey":{"signedKeyId":1,"baseKey":"BZmwQtKiV5hlNdpthtQ3mMMfR371/SeM3jnBes3tjYlj","preKeyId":10772767}},"BeyRiirDG8hK0ElleEaYxq4W6LUZqpc63mUSMXiE+90F":{"registrationId":1938785516,"currentRatchet":{"ephemeralKeyPair":{"pubKey":"BeXZ0tt8ltn9sFEzkcW3BXk4+5TDIj2FWRdvJ6dNxlQL","privKey":"uMhtLFQ9M6cCYPyuhpWtX7suveTU1Fsa/7OoDW+dr0E="},"lastRemoteEphemeralKey":"BRXtTL7t+PnrvfBvQTBKa1ZkzPsWPFrokn8xPYRXNq5j","previousCounter":0,"rootKey":"+75AJo7td4ATkF77X7cRKyOnmt19PetuR71Ht6on17o="},"indexInfo":{"baseKey":"BeyRiirDG8hK0ElleEaYxq4W6LUZqpc63mUSMXiE+90F","baseKeyType":1,"closed":-1,"used":1731774083706,"created":1731774083706,"remoteIdentityKey":"BfAvevO5L/vXjLoO9yxNQKvB2UgI0xJhi9gTYh838SU1"},"_chains":{"BeXZ0tt8ltn9sFEzkcW3BXk4+5TDIj2FWRdvJ6dNxlQL":{"chainKey":{"counter":151,"key":"WOr5YLJRDTF8WZgZ2cY7NaVQHAhVx1p5X1wdB3RRVDs="},"chainType":1,"messageKeys":{}}},"pendingPreKey":{"signedKeyId":1,"baseKey":"BeyRiirDG8hK0ElleEaYxq4W6LUZqpc63mUSMXiE+90F","preKeyId":10772011}}},"version":"v1"}