{"_sessions":{"BRFBxNgb4y8liyQKeoDZ3q8ZI4TzdadUkCxsxl00QNtw":{"registrationId":1856715852,"currentRatchet":{"ephemeralKeyPair":{"pubKey":"BTmA6+PdwpGSb56hjmJ3vIdSWN0CkFDhRbp3nMgi4UB2","privKey":"QMwIHh8ZhzR01aIKNc64u1+VRdLr3iQJB1P3R9USKWc="},"lastRemoteEphemeralKey":"BYcPjny7UZmuwApWLrRGETc9mJCuZ6lwym/cCVgglyFE","previousCounter":0,"rootKey":"ao5knkEJZBkrb+UMsKhuGR3KLT6lGxS6qWwcs5NBv28="},"indexInfo":{"baseKey":"BRFBxNgb4y8liyQKeoDZ3q8ZI4TzdadUkCxsxl00QNtw","baseKeyType":1,"closed":1729266527098,"used":1729266527029,"created":1729266527029,"remoteIdentityKey":"BfgbrHiJ1E6NbVuT0KvQujDxxOv7QgL/I5OemvvubngL"},"_chains":{"BTmA6+PdwpGSb56hjmJ3vIdSWN0CkFDhRbp3nMgi4UB2":{"chainKey":{"counter":0,"key":"J4Du/MC5wZFCwc+oKmMkt5SM+yd521uVgHGopVvuVLE="},"chainType":1,"messageKeys":{}}},"pendingPreKey":{"signedKeyId":2,"baseKey":"BRFBxNgb4y8liyQKeoDZ3q8ZI4TzdadUkCxsxl00QNtw","preKeyId":7431668}},"Bf2rFpL5Q7HC4fN5jeQsWbsRlZsTX/SbSFs1p5ZVMmVR":{"registrationId":1856715852,"currentRatchet":{"ephemeralKeyPair":{"pubKey":"BYmfS5h5J3qxE+FOx2VOmnmpgvag9Xwz/pL7pTMDxZdF","privKey":"gHxbo8OmOoW9p+03dxObUza7UZtGGNyfNgLRgEWKt28="},"lastRemoteEphemeralKey":"BYcPjny7UZmuwApWLrRGETc9mJCuZ6lwym/cCVgglyFE","previousCounter":0,"rootKey":"sB+ZyrSHBVdEt1HhkDYEb2NO2YlBIUypbrHYFeYDchU="},"indexInfo":{"baseKey":"Bf2rFpL5Q7HC4fN5jeQsWbsRlZsTX/SbSFs1p5ZVMmVR","baseKeyType":1,"closed":1729266527143,"used":1729266527085,"created":1729266527085,"remoteIdentityKey":"BfgbrHiJ1E6NbVuT0KvQujDxxOv7QgL/I5OemvvubngL"},"_chains":{"BYmfS5h5J3qxE+FOx2VOmnmpgvag9Xwz/pL7pTMDxZdF":{"chainKey":{"counter":0,"key":"BcNoGoY4FjyrSKdywASl1dUoiFSpXc0H6EGgO5BNm+c="},"chainType":1,"messageKeys":{}}},"pendingPreKey":{"signedKeyId":2,"baseKey":"Bf2rFpL5Q7HC4fN5jeQsWbsRlZsTX/SbSFs1p5ZVMmVR","preKeyId":7431426}},"BR2HkB3Ma4+4b0dM9nfnyAmnDobROpQn3pfF3ufFzYVv":{"registrationId":1856715852,"currentRatchet":{"ephemeralKeyPair":{"pubKey":"BekqNoobTEwaCRkNooeWapEwwSJ5t2Wj85SnYf/unwMZ","privKey":"YNW/5Gl/Z2nFuS38MfTcQ8G1E6banwphEhb7dWVXwXw="},"lastRemoteEphemeralKey":"BYcPjny7UZmuwApWLrRGETc9mJCuZ6lwym/cCVgglyFE","previousCounter":0,"rootKey":"nsRc++FXm+jJ9R6CMvEe7WHRmfxK/kVwVUAY0P8qpj4="},"indexInfo":{"baseKey":"BR2HkB3Ma4+4b0dM9nfnyAmnDobROpQn3pfF3ufFzYVv","baseKeyType":1,"closed":1729266527184,"used":1729266527137,"created":1729266527137,"remoteIdentityKey":"BfgbrHiJ1E6NbVuT0KvQujDxxOv7QgL/I5OemvvubngL"},"_chains":{"BekqNoobTEwaCRkNooeWapEwwSJ5t2Wj85SnYf/unwMZ":{"chainKey":{"counter":0,"key":"1kSfmVDKne1TVn6R/EeJnqJ5HIpD8CCrYKLBLNoziwc="},"chainType":1,"messageKeys":{}}},"pendingPreKey":{"signedKeyId":2,"baseKey":"BR2HkB3Ma4+4b0dM9nfnyAmnDobROpQn3pfF3ufFzYVv","preKeyId":7431489}},"BdzQ4vsurZtVJ4h88G9Tfr8VUhk4CN2a9eCjzwwyKy80":{"registrationId":1856715852,"currentRatchet":{"ephemeralKeyPair":{"pubKey":"BWddEMVhqK9rQBqFOY0+326gNhs+ko/3z4tLVD4oUWUV","privKey":"uFWtqQGVV7q9FfZZ3wFOIIqJCNtCQYX3l/Ce3B9hTXY="},"lastRemoteEphemeralKey":"BYcPjny7UZmuwApWLrRGETc9mJCuZ6lwym/cCVgglyFE","previousCounter":0,"rootKey":"JxWiHfcwGoqq9p4L+wlVEh3U5mY0z0j3z6xa5bcp7gM="},"indexInfo":{"baseKey":"BdzQ4vsurZtVJ4h88G9Tfr8VUhk4CN2a9eCjzwwyKy80","baseKeyType":1,"closed":1729266527241,"used":1729266527179,"created":1729266527179,"remoteIdentityKey":"BfgbrHiJ1E6NbVuT0KvQujDxxOv7QgL/I5OemvvubngL"},"_chains":{"BWddEMVhqK9rQBqFOY0+326gNhs+ko/3z4tLVD4oUWUV":{"chainKey":{"counter":0,"key":"DsLUOV/zdNqzmoCXrHJ3iYCQwmfPsNbT2e90/xAbKSk="},"chainType":1,"messageKeys":{}}},"pendingPreKey":{"signedKeyId":2,"baseKey":"BdzQ4vsurZtVJ4h88G9Tfr8VUhk4CN2a9eCjzwwyKy80","preKeyId":7431655}},"BWZTmC3KKpjQ5nyz8FzgEN81aM1vJ7xnqiO/G1lJ76VN":{"registrationId":1856715852,"currentRatchet":{"ephemeralKeyPair":{"pubKey":"BQWy7PguPh0HZ7512ah5Mbl8XIEod/j5l5+5BJGL4dBG","privKey":"uK6WwsU/m3ucnnhNPhMich8QE6bOGEex0FXd4pYOzms="},"lastRemoteEphemeralKey":"BYcPjny7UZmuwApWLrRGETc9mJCuZ6lwym/cCVgglyFE","previousCounter":0,"rootKey":"bteioWpJzdCXtNcKqfKXOfA2lFU02pERMM/KpGiBhec="},"indexInfo":{"baseKey":"BWZTmC3KKpjQ5nyz8FzgEN81aM1vJ7xnqiO/G1lJ76VN","baseKeyType":1,"closed":1729266527297,"used":1729266527235,"created":1729266527235,"remoteIdentityKey":"BfgbrHiJ1E6NbVuT0KvQujDxxOv7QgL/I5OemvvubngL"},"_chains":{"BQWy7PguPh0HZ7512ah5Mbl8XIEod/j5l5+5BJGL4dBG":{"chainKey":{"counter":0,"key":"EnYjks58Yko1Bmw1CJ6YF+048kLkLx31gn24gvvTTDA="},"chainType":1,"messageKeys":{}}},"pendingPreKey":{"signedKeyId":2,"baseKey":"BWZTmC3KKpjQ5nyz8FzgEN81aM1vJ7xnqiO/G1lJ76VN","preKeyId":7431891}},"Bbqfp7X/7kEQgoXvIv9PWqnnTisz4Ss01k8kMrCglZdO":{"registrationId":1856715852,"currentRatchet":{"ephemeralKeyPair":{"pubKey":"BbI4l7yRBvXQSW2cQ5P8c0X5fhZEDnkQhCqKzKk3SZpX","privKey":"iOmnJNPeL0NAR3ZdMAYI+kevNr0Ze3+Z7WxZ1Knsg0k="},"lastRemoteEphemeralKey":"BYcPjny7UZmuwApWLrRGETc9mJCuZ6lwym/cCVgglyFE","previousCounter":0,"rootKey":"1hMy5dt6G2p0UDX+Jxun81hsy0A1YBx2SLL1g/fwuOI="},"indexInfo":{"baseKey":"Bbqfp7X/7kEQgoXvIv9PWqnnTisz4Ss01k8kMrCglZdO","baseKeyType":1,"closed":1729266527344,"used":1729266527286,"created":1729266527286,"remoteIdentityKey":"BfgbrHiJ1E6NbVuT0KvQujDxxOv7QgL/I5OemvvubngL"},"_chains":{"BbI4l7yRBvXQSW2cQ5P8c0X5fhZEDnkQhCqKzKk3SZpX":{"chainKey":{"counter":0,"key":"c27CL24I9pmInFmsJ4KNVddzC8vFskNvXca7Z+ViGqI="},"chainType":1,"messageKeys":{}}},"pendingPreKey":{"signedKeyId":2,"baseKey":"Bbqfp7X/7kEQgoXvIv9PWqnnTisz4Ss01k8kMrCglZdO","preKeyId":7431645}},"BQPrP+NnZeoecOgGeiDXiT17IVDrfbaWgYhzwz78kDZB":{"registrationId":1856715852,"currentRatchet":{"ephemeralKeyPair":{"pubKey":"BYs2Ndl1LlkI4U8fFCR1Qwice1cdWlNYQbt7oI4qRYwS","privKey":"2NMRayd3MAbzndRu71s3EQo10yRJRbUHzaljxKsS1UQ="},"lastRemoteEphemeralKey":"BYcPjny7UZmuwApWLrRGETc9mJCuZ6lwym/cCVgglyFE","previousCounter":0,"rootKey":"0SOvDcBIOHqDfwO0eTXtMmsnOqjAbvPVNxunYAccBQY="},"indexInfo":{"baseKey":"BQPrP+NnZeoecOgGeiDXiT17IVDrfbaWgYhzwz78kDZB","baseKeyType":1,"closed":1729266527392,"used":1729266527338,"created":1729266527338,"remoteIdentityKey":"BfgbrHiJ1E6NbVuT0KvQujDxxOv7QgL/I5OemvvubngL"},"_chains":{"BYs2Ndl1LlkI4U8fFCR1Qwice1cdWlNYQbt7oI4qRYwS":{"chainKey":{"counter":0,"key":"Fc00TVVoMRus30FAkvS/Q6kjcNWhvmVcdo9Np1kp+2A="},"chainType":1,"messageKeys":{}}},"pendingPreKey":{"signedKeyId":2,"baseKey":"BQPrP+NnZeoecOgGeiDXiT17IVDrfbaWgYhzwz78kDZB","preKeyId":7431640}},"BfGZqKR2wDVdaHpSKn6lEUA0XPGrawV9rc/O3ik01rNK":{"registrationId":1856715852,"currentRatchet":{"ephemeralKeyPair":{"pubKey":"BdsIPevO8sJvLm2yaDIeQj1rWLxiiBhhjHAVWZGoeWgv","privKey":"8FCfi4JYN6oiHfcvOQjK2jdG02a77fjQRHpWjs5u+Fw="},"lastRemoteEphemeralKey":"BYcPjny7UZmuwApWLrRGETc9mJCuZ6lwym/cCVgglyFE","previousCounter":0,"rootKey":"XxQ+Pmpkyj/iGF463aey8ke90H8he4iUSDlfxGMHmIw="},"indexInfo":{"baseKey":"BfGZqKR2wDVdaHpSKn6lEUA0XPGrawV9rc/O3ik01rNK","baseKeyType":1,"closed":1729266527435,"used":1729266527384,"created":1729266527384,"remoteIdentityKey":"BfgbrHiJ1E6NbVuT0KvQujDxxOv7QgL/I5OemvvubngL"},"_chains":{"BdsIPevO8sJvLm2yaDIeQj1rWLxiiBhhjHAVWZGoeWgv":{"chainKey":{"counter":0,"key":"xYSX8FLTLGemIIUTCNnaOzzvR9s0h31F7Pa5ka99PhU="},"chainType":1,"messageKeys":{}}},"pendingPreKey":{"signedKeyId":2,"baseKey":"BfGZqKR2wDVdaHpSKn6lEUA0XPGrawV9rc/O3ik01rNK","preKeyId":7431443}},"BV2rNfO+Ii0LOFT+P12Er0sJRLuGT7ScYCEJWs1w0YdF":{"registrationId":1856715852,"currentRatchet":{"ephemeralKeyPair":{"pubKey":"BZebiEbmxUuxv67aYWuY10P1Z9w3LXw9apir8b1xAKce","privKey":"AFyuyTD7pOkXJJb/9E58FrTc5Vidwg9KAaou4yCtk1k="},"lastRemoteEphemeralKey":"BYcPjny7UZmuwApWLrRGETc9mJCuZ6lwym/cCVgglyFE","previousCounter":0,"rootKey":"NLQyFUGg/0RZlKyGZ3UBAn5m+GQWqZyJASF2kbCg0q4="},"indexInfo":{"baseKey":"BV2rNfO+Ii0LOFT+P12Er0sJRLuGT7ScYCEJWs1w0YdF","baseKeyType":1,"closed":1729266527479,"used":1729266527430,"created":1729266527430,"remoteIdentityKey":"BfgbrHiJ1E6NbVuT0KvQujDxxOv7QgL/I5OemvvubngL"},"_chains":{"BZebiEbmxUuxv67aYWuY10P1Z9w3LXw9apir8b1xAKce":{"chainKey":{"counter":0,"key":"DXk6izZmupRd5I9xFgcavvio6Qp17Rqu5Kgd2C/BuDU="},"chainType":1,"messageKeys":{}}},"pendingPreKey":{"signedKeyId":2,"baseKey":"BV2rNfO+Ii0LOFT+P12Er0sJRLuGT7ScYCEJWs1w0YdF","preKeyId":7431405}},"BaQ1Iv3je5NujTodW1Sf9xSx75Vzfuxdo3koWG3EZro0":{"registrationId":1856715852,"currentRatchet":{"ephemeralKeyPair":{"pubKey":"BacTvOHBsfydnvN6x9DP/U3Skzu7Ih9D3MbLv7hJt6Q5","privKey":"GO6JchZYf+SuMmcBz0gQ5+R8f5Dfx/0O646hawN7FHg="},"lastRemoteEphemeralKey":"Beu1yl8P1xp7yWeVPw+vhQ6Ecrx7ghW/RZo60VooXaxi","previousCounter":0,"rootKey":"+T0bZrapNazMFkoLmV6oQhvOOYjb2uWq1MvkInKHrtE="},"indexInfo":{"baseKey":"BaQ1Iv3je5NujTodW1Sf9xSx75Vzfuxdo3koWG3EZro0","baseKeyType":1,"closed":1729351427090,"used":1729351425852,"created":1729266527474,"remoteIdentityKey":"BfgbrHiJ1E6NbVuT0KvQujDxxOv7QgL/I5OemvvubngL"},"_chains":{"Bf//AIeNNeFeY8bhdTKzwsKYVkwCKn7hb+FWjWOJXJ0B":{"chainKey":{"counter":0},"chainType":2,"messageKeys":{}},"Beu1yl8P1xp7yWeVPw+vhQ6Ecrx7ghW/RZo60VooXaxi":{"chainKey":{"counter":0,"key":"3RJp1Ipcd99heTU3c0s5yApEY3xJAOQKCfZ5nJ4XSOQ="},"chainType":2,"messageKeys":{}},"BacTvOHBsfydnvN6x9DP/U3Skzu7Ih9D3MbLv7hJt6Q5":{"chainKey":{"counter":-1,"key":"OxnRULyJeyyhAb9WO4K4Ys09cEMYzcoEuQVO8Ioq9eI="},"chainType":1,"messageKeys":{}}}},"BSxQjvxR4uvGT03BlRduqThr0pI7O10NCcP4PAy+vP5x":{"registrationId":1856715852,"currentRatchet":{"ephemeralKeyPair":{"pubKey":"BWxgTGQSbJ7A1Crw7TXMBKMV6uA+5qoLRkE+F1hkfFg+","privKey":"WMr16MzhMmQowHK7Xv5ihTcZvayg6RF6vnKV16+Ywn4="},"lastRemoteEphemeralKey":"BYcPjny7UZmuwApWLrRGETc9mJCuZ6lwym/cCVgglyFE","previousCounter":0,"rootKey":"mUrkmeVZNepUTB6F9RjEC/tC7PZ1w6LSc9wD0B5Zrz8="},"indexInfo":{"baseKey":"BSxQjvxR4uvGT03BlRduqThr0pI7O10NCcP4PAy+vP5x","baseKeyType":1,"closed":1729351445369,"used":1729351427084,"created":1729351427084,"remoteIdentityKey":"BfgbrHiJ1E6NbVuT0KvQujDxxOv7QgL/I5OemvvubngL"},"_chains":{"BWxgTGQSbJ7A1Crw7TXMBKMV6uA+5qoLRkE+F1hkfFg+":{"chainKey":{"counter":-1,"key":"uYIBwMBT5/kB6UYAmRzT98sh1Ml1qUCdUfXT0/w5hlI="},"chainType":1,"messageKeys":{}}},"pendingPreKey":{"signedKeyId":2,"baseKey":"BSxQjvxR4uvGT03BlRduqThr0pI7O10NCcP4PAy+vP5x","preKeyId":7431566}},"BYl5UOIuF3OF97LhVAvCipS/oOYenkoV9TwGhplgqNxd":{"registrationId":1856715852,"currentRatchet":{"ephemeralKeyPair":{"pubKey":"BYEQDnHvYw0eqCGMnXh27eNnFybLgpLNZAkgrXjHmDBV","privKey":"UFbD04amq2Ro3ynOP03d/Ijbdq9/ZRPMnAhly049r1o="},"lastRemoteEphemeralKey":"BaxxsPPrqRzYtYm9Yca1yALv2R8T8lucb/R48346Tr1P","previousCounter":5,"rootKey":"JYLVhvdGS5TYLhSoKotrgCp20Mb49upMcSbi62MxL8A="},"indexInfo":{"baseKey":"BYl5UOIuF3OF97LhVAvCipS/oOYenkoV9TwGhplgqNxd","baseKeyType":1,"closed":1730553339426,"used":1730550040097,"created":1729351445365,"remoteIdentityKey":"BfgbrHiJ1E6NbVuT0KvQujDxxOv7QgL/I5OemvvubngL"},"_chains":{"BUedzKtfZTT8Hy7ntDcAIZMBEKy7ddodGTw4Mtokwb8L":{"chainKey":{"counter":0},"chainType":2,"messageKeys":{}},"Bf1dWym8d5oboO0KYtH3APfikbJ0NQrdZ7TE6vweSCMu":{"chainKey":{"counter":0},"chainType":2,"messageKeys":{}},"Bbui6CYRSbrvmRRGCoQm+W4a1ckqw4CB5pH7ZnByRk0z":{"chainKey":{"counter":0},"chainType":2,"messageKeys":{}},"BaNLNGSaAe/WO72cbBAns86V/Sgpa5RuoyurGmvw9vYS":{"chainKey":{"counter":0},"chainType":2,"messageKeys":{}},"BVn8ndMtkNTaEZa33tU0qA29FiUPOs+e35Gs2k0BSslI":{"chainKey":{"counter":1},"chainType":2,"messageKeys":{}},"BbFsgwUGy5iVOjVhTn9npWqqLx64qIF4ylNbklVEvSBI":{"chainKey":{"counter":0},"chainType":2,"messageKeys":{}},"BUnuC5ygxzC8Mz7CMWRT2+TFKPZEay5SudvPi0R+WUBK":{"chainKey":{"counter":0},"chainType":2,"messageKeys":{}},"BT7bCSbUD3GTHlxvihne+5udSbVw5B4nMRMsadHuQ/9G":{"chainKey":{"counter":0},"chainType":2,"messageKeys":{}},"BY18P6C5TcaYS6DI9+5Q9UZ5muD3E5b3HDZ14Kq2FNEh":{"chainKey":{"counter":0},"chainType":2,"messageKeys":{}},"BaxxsPPrqRzYtYm9Yca1yALv2R8T8lucb/R48346Tr1P":{"chainKey":{"counter":7,"key":"gP0AViqq0ZyHyTVEjaohuql0BL9bXOjCt9D9csduuqc="},"chainType":2,"messageKeys":{}},"BYEQDnHvYw0eqCGMnXh27eNnFybLgpLNZAkgrXjHmDBV":{"chainKey":{"counter":-1,"key":"eCLWKUxxFKanL91xc3I55EFx4ZhAaAd6DiJke/iT8tE="},"chainType":1,"messageKeys":{}}}},"Bf+W3jfxRKYXInfVJdrHiBatLoS4CdVttyhVJUugRM02":{"registrationId":1856715852,"currentRatchet":{"ephemeralKeyPair":{"pubKey":"BXAdqOa985zysZdDNXKMBphoGlTrHrQvZhqJAfeFJr87","privKey":"eCrQ9mjVnuRO0TGnHEpMz8dTFPw86y9GqiOFRP2lp34="},"lastRemoteEphemeralKey":"BTNhSy0ZO08jkZa8rTCwSRyjYyd0BJaEdxb48z0/MNZX","previousCounter":17,"rootKey":"gYsDLUDc+d+82gDGluRVlRLbr4p5SvcdGbF5TYadOTs="},"indexInfo":{"baseKey":"Bf+W3jfxRKYXInfVJdrHiBatLoS4CdVttyhVJUugRM02","baseKeyType":1,"closed":1731222294977,"used":1731152962491,"created":1730553339417,"remoteIdentityKey":"BfgbrHiJ1E6NbVuT0KvQujDxxOv7QgL/I5OemvvubngL"},"_chains":{"BbeXdwfh92cYKBDKuWFHcMaAiY7MtcEnZJM4Q70w2boA":{"chainKey":{"counter":5},"chainType":2,"messageKeys":{}},"BWiLTIJsHWb7vGoKVrZnQH+Ds0T06jyj4xUW9P31WQcS":{"chainKey":{"counter":1},"chainType":2,"messageKeys":{}},"BRqckv8PkBXzgkYDUsATUgjnnykT7a4nu/NFaZyfTC0M":{"chainKey":{"counter":0},"chainType":2,"messageKeys":{}},"BbEN36+oo/Ke1eylRAXb+doq9m/NteldL2HnZC4ngack":{"chainKey":{"counter":6},"chainType":2,"messageKeys":{}},"BVcFsIrUX3C59m5b4nt/KWU6CfpWyVgn3o8MmP4WCRtM":{"chainKey":{"counter":0},"chainType":2,"messageKeys":{}},"BYBlQnOzTT5dQdI4AR5RSKZuewaMpTtXmseJmE4roZJU":{"chainKey":{"counter":1},"chainType":2,"messageKeys":{}},"Bdehi6Sq95F0UfhxKNkZaYVyN97O/fTZK8zxgKhZ8Lpf":{"chainKey":{"counter":0},"chainType":2,"messageKeys":{}},"BSmT7Y72c55II/IRyqGyjcD9sypqgu59V5vW8qxV2QJo":{"chainKey":{"counter":1},"chainType":2,"messageKeys":{}},"BcvXyMBErpvHMwZypBgpadpLKmaZ1+gc9J23f/64q8sh":{"chainKey":{"counter":3},"chainType":2,"messageKeys":{}},"BR0RKQWFbQNYlKhhpv3LYFNZ9H8Rg+DMgwIAg1TzpKwg":{"chainKey":{"counter":1},"chainType":2,"messageKeys":{}},"BRwRIuDGdVmltW7LwinttBbVKHifXCx6VARjAg6fj2he":{"chainKey":{"counter":2},"chainType":2,"messageKeys":{}},"BdNGx40WqQrs5xwoHfAOS3G3bbf9d+rQittncNfffBs6":{"chainKey":{"counter":1},"chainType":2,"messageKeys":{}},"BWStjXF9kSgwYLQ0qH7kFhVyLFqrjU3ShA/0MvJX+eNi":{"chainKey":{"counter":1},"chainType":2,"messageKeys":{}},"BZNdpTTAc8Fs5OaCrzPQdm+78SOW2jiKclODzNL33M5+":{"chainKey":{"counter":8},"chainType":2,"messageKeys":{}},"BTffUuIu8fufsrCEBn99zuBlyr2Jf7Z8PgELGJ3s31ha":{"chainKey":{"counter":6},"chainType":2,"messageKeys":{}},"BTP8p6jYS4YIlX09q/DyxcRBabcp75w40NeGk42cCl4s":{"chainKey":{"counter":2},"chainType":2,"messageKeys":{}},"Beu+KjYQxzkch+XweeWDK+n4JqkKdojgjbv+iL4x6BBP":{"chainKey":{"counter":2},"chainType":2,"messageKeys":{}},"BTeM/piTD5ssb7OPCuPwJmYPD7AQmckB0m3GeTX1/fd9":{"chainKey":{"counter":0},"chainType":2,"messageKeys":{}},"BV1xLaFUz852sdfAEJLiaaYK068epdDsMxBjxIvmjM9q":{"chainKey":{"counter":0},"chainType":2,"messageKeys":{}},"BTNhSy0ZO08jkZa8rTCwSRyjYyd0BJaEdxb48z0/MNZX":{"chainKey":{"counter":1,"key":"ZeMhtEykrbNr/26OB43hyQsFrq8Rop+XT3aPwdspeh8="},"chainType":2,"messageKeys":{}},"BXAdqOa985zysZdDNXKMBphoGlTrHrQvZhqJAfeFJr87":{"chainKey":{"counter":-1,"key":"oY2yEWW4oOviyUgZHejPRAtzY/w8jSwrY0RV7euOOhE="},"chainType":1,"messageKeys":{}}}},"BcL47gTRi7vqiE8kR0QHVpZYKAVTW3VJWhKG+O53bnkj":{"registrationId":1856715852,"currentRatchet":{"ephemeralKeyPair":{"pubKey":"BU/ZwQW07sscV+zuTxbjpHo+hZubrQAOohh87JsfP3QA","privKey":"WKdZ0LDBhljfuWQE+vXdmn+R0LSNogUdKaomAA5sRGc="},"lastRemoteEphemeralKey":"BVA0nR3C6ZaI2DTpRUfy79GJxXzrbrVyRsSr2WAbjHg/","previousCounter":4,"rootKey":"BQD+JkrUVg4u7c9HjgOmqaYbjfC1P6uqyuvzgvcC7h8="},"indexInfo":{"baseKey":"BcL47gTRi7vqiE8kR0QHVpZYKAVTW3VJWhKG+O53bnkj","baseKeyType":2,"closed":-1,"used":1731903740417,"created":1731222294979,"remoteIdentityKey":"BfgbrHiJ1E6NbVuT0KvQujDxxOv7QgL/I5OemvvubngL"},"_chains":{"BR2emAJD4zR+Ox4eRQTXjgkt2JAZXiZdoXRN2ubhSj9+":{"chainKey":{"counter":8},"chainType":2,"messageKeys":{"1":"lQER32HqUt9QfJy5b6pnRs6szoC7dJOMTh+P/pgyb9E=","2":"GkpS7PLLaQtEviIuoEEIlwPbbDix0ZdZhxo5xK+bL0s=","4":"AauRELU6DwAuQJjmx22L5q7e7JwoU0M3Is04QhhwzvI=","5":"6aPnE2eAlPj+LvXxJFf47mQO2qF50voYeHZz1HL6/m4="}},"BaAYSslp1DOIT39hh7Z1pFokMex+aVyV5ve3M+kYGkU2":{"chainKey":{"counter":2},"chainType":2,"messageKeys":{}},"BV7OBPSjmJTm7UcHnjhqtWpKWXozG0obOMSi6rfzOmUF":{"chainKey":{"counter":1},"chainType":2,"messageKeys":{}},"BU0K+Y9G2mKAHrmm9Vd32sAYXyyojFUqYj+X9p15l6oH":{"chainKey":{"counter":0},"chainType":2,"messageKeys":{}},"BVA0nR3C6ZaI2DTpRUfy79GJxXzrbrVyRsSr2WAbjHg/":{"chainKey":{"counter":0,"key":"iw08IDzKE+Yrbh/wnTPzrjaz8JRbORbcbfaQMOsx7a8="},"chainType":2,"messageKeys":{}},"BU/ZwQW07sscV+zuTxbjpHo+hZubrQAOohh87JsfP3QA":{"chainKey":{"counter":0,"key":"NkpXXpfDAXYBwFJuhpgOt3plCbljfiH1ysEmU31kKX8="},"chainType":1,"messageKeys":{}}}}},"version":"v1"}