{"_sessions":{"Ba6d97dICF/wnWbV1Z/NsX2GiMNF+eyVRZ4E7fypYzpj":{"registrationId":1267594279,"currentRatchet":{"ephemeralKeyPair":{"pubKey":"BXJX3rY1ThTVZ/8ddJm57EwhMIJb9/L2c48UfTGPV81X","privKey":"ULH1sJzcvMhvh7Lmb+IxLSZZ2cJN3JROpe8Q9TizF20="},"lastRemoteEphemeralKey":"Be6fdlXGbhU9TeGq8j3SZ5f5dkgOzI2yRBdJMM77CIMI","previousCounter":0,"rootKey":"ixcwn1Dki34dJoGx9ZHcN5WElvWBVY/A/T++21JrHhw="},"indexInfo":{"baseKey":"Ba6d97dICF/wnWbV1Z/NsX2GiMNF+eyVRZ4E7fypYzpj","baseKeyType":1,"closed":1730553339689,"used":1729859412274,"created":1729859412274,"remoteIdentityKey":"BfKit9ccLo5jnfTs/ZM0rSNWL/9A1osE9SM6jMMEJxA4"},"_chains":{"BXJX3rY1ThTVZ/8ddJm57EwhMIJb9/L2c48UfTGPV81X":{"chainKey":{"counter":10,"key":"OXaDnvm/bCQiwVnHhsoanuuUJbqoM++Or7q/F4/eB2o="},"chainType":1,"messageKeys":{}}},"pendingPreKey":{"signedKeyId":0,"baseKey":"Ba6d97dICF/wnWbV1Z/NsX2GiMNF+eyVRZ4E7fypYzpj","preKeyId":4115643}},"BTqtsMw3CkfJ840T5IUdGU3FkTp5pqfvWEFZYZXzDYx/":{"registrationId":1267594279,"currentRatchet":{"ephemeralKeyPair":{"pubKey":"BYtehCHuN5V/z8d3qo3MizIMThBrJaGrtQMrTb4SyZVN","privKey":"UIRcZ6zOB2+LPMWepOxJvTE6J3GlEhCJ9IScj68w+k4="},"lastRemoteEphemeralKey":"BUG+YzlHAIY55cA1lAHCIvI+vwbr7iWv7sDwFPExjy05","previousCounter":54,"rootKey":"Syz+5JME5VdN+31j3NkMkQj31cehmpDGsFYLeALUKn0="},"indexInfo":{"baseKey":"BTqtsMw3CkfJ840T5IUdGU3FkTp5pqfvWEFZYZXzDYx/","baseKeyType":1,"closed":-1,"used":1730908642976,"created":1730553339683,"remoteIdentityKey":"BfKit9ccLo5jnfTs/ZM0rSNWL/9A1osE9SM6jMMEJxA4"},"_chains":{"BUG+YzlHAIY55cA1lAHCIvI+vwbr7iWv7sDwFPExjy05":{"chainKey":{"counter":0,"key":"PSSJwZv1U7E1SwDLPMBzcGG7JkCS1Mq6SlRrwMFHo9U="},"chainType":2,"messageKeys":{}},"BYtehCHuN5V/z8d3qo3MizIMThBrJaGrtQMrTb4SyZVN":{"chainKey":{"counter":76,"key":"UNhHwGteKauoHjLPfnD8rPdJ8u4TWIBVIX4dUDzrwWk="},"chainType":1,"messageKeys":{}}}}},"version":"v1"}