{"_sessions":{"Bf7xU91lrAfZwymlQ+GIULJ/DsSnS+zQw3hlR88PmNVI":{"registrationId":465081740,"currentRatchet":{"ephemeralKeyPair":{"pubKey":"BdrLxARie5gU4Ci6yVrOzvDuyOUZqww9M/+kJumDnsoh","privKey":"sIFPVHP3uz/adUPFQ1sI/d4VVbDd+VCjDtVxBG2iCkM="},"lastRemoteEphemeralKey":"BWJNkUSHpvtUSTUk35wn30rimtMQOCXyWLyWT3ifyfIY","previousCounter":239,"rootKey":"dBqJFA858hZh+7ChxJ5KeVAUFp1MfmkQidjbOUWe/WA="},"indexInfo":{"baseKey":"Bf7xU91lrAfZwymlQ+GIULJ/DsSnS+zQw3hlR88PmNVI","baseKeyType":1,"closed":1729401455138,"used":1729401453401,"created":1729265795547,"remoteIdentityKey":"BTJTwVnmLxykcAHHbLF0/sKe+nFAJshEarKo0B4EsMMb"},"_chains":{"BQGyju1YT44iIhgrzeR5Q5rPNlzd8MANDUpovDgKqqEF":{"chainKey":{"counter":0},"chainType":2,"messageKeys":{}},"BQvpHVi5QrDwREf1fk64oi9YuTP4Ss/tdvNrUWZS1Zh2":{"chainKey":{"counter":0},"chainType":2,"messageKeys":{}},"BfNil1v0M4PgfZ0Bf9381hF+yF6VykzA7YJ+V6A6R983":{"chainKey":{"counter":0},"chainType":2,"messageKeys":{}},"BeOJUrDlj/Bq5CHuClbNkHACZ+BJaHxAED0wWgs98nRU":{"chainKey":{"counter":0},"chainType":2,"messageKeys":{}},"BWJNkUSHpvtUSTUk35wn30rimtMQOCXyWLyWT3ifyfIY":{"chainKey":{"counter":0,"key":"UuXwn+qWUnSHRtjWPsbgG70AdHpCg0ooLfSQpgQeL8o="},"chainType":2,"messageKeys":{}},"BdrLxARie5gU4Ci6yVrOzvDuyOUZqww9M/+kJumDnsoh":{"chainKey":{"counter":-1,"key":"9VySrC70kQ3mkdMBV4Y1NVCEnX7S7/C/HrU5+6BLnWY="},"chainType":1,"messageKeys":{}}}},"BduI9lIQuoUWKpUS5C6iXRD6gpwv+R9M4MFqNi/MWSg9":{"registrationId":465081740,"currentRatchet":{"ephemeralKeyPair":{"pubKey":"BQj4HFx8bRtLihtuo1+zCHa2/qQQcF+HR4M9uIoO+ooo","privKey":"oBkITeNaYmO8pP7Q7wA1bfCS4vJBWPj7J5Zmf3D1wFM="},"lastRemoteEphemeralKey":"BS3HcU2F8Li0aeTZ15ndx3Q2LwJzqAJi4aBPLrykU1N7","previousCounter":0,"rootKey":"OhkOeNkcijUjP7GpoM8CZE1kCYI5M2nRhxFNe1Yx6uI="},"indexInfo":{"baseKey":"BduI9lIQuoUWKpUS5C6iXRD6gpwv+R9M4MFqNi/MWSg9","baseKeyType":1,"closed":1729401506226,"used":1729401455130,"created":1729401455130,"remoteIdentityKey":"BTJTwVnmLxykcAHHbLF0/sKe+nFAJshEarKo0B4EsMMb"},"_chains":{"BQj4HFx8bRtLihtuo1+zCHa2/qQQcF+HR4M9uIoO+ooo":{"chainKey":{"counter":1,"key":"eQLOV0mXhxYXUXtBigjeDrgBGLzlwsHdBbCVWHB+dnY="},"chainType":1,"messageKeys":{}}},"pendingPreKey":{"signedKeyId":1,"baseKey":"BduI9lIQuoUWKpUS5C6iXRD6gpwv+R9M4MFqNi/MWSg9","preKeyId":11267734}},"BW/+/93o/qpUZ85sruArKOKXqrjHKW+8S/sY5h6bogQN":{"registrationId":465081740,"currentRatchet":{"ephemeralKeyPair":{"pubKey":"BcOFLu+n7hXd/TDOV/hivXxdFFqJ3M3IRgvBGgS/9+p3","privKey":"2B3vI9o+KFxYt5SIgs71fK/qq4UuiuYSMZ2sp1i0hXQ="},"lastRemoteEphemeralKey":"BSiNYLev4sggCVsIlMcRBVjMspgwbrLLSmERnJbwmuMI","previousCounter":535,"rootKey":"5Iim+5IZ3/elZOXBB/m53xbQLMdiUOO/mHzgVt9RaGQ="},"indexInfo":{"baseKey":"BW/+/93o/qpUZ85sruArKOKXqrjHKW+8S/sY5h6bogQN","baseKeyType":1,"closed":1730011361539,"used":1730011360344,"created":1729401506206,"remoteIdentityKey":"BTJTwVnmLxykcAHHbLF0/sKe+nFAJshEarKo0B4EsMMb"},"_chains":{"BYKo2Ju+2LNI5nTdRlqyvK4ekcAOvJsfK0gRz0xYsyAy":{"chainKey":{"counter":0},"chainType":2,"messageKeys":{}},"BWAxv5BCRGmQgwcFLzvivbL0msOD8IE0qD89MuRtzaMr":{"chainKey":{"counter":0},"chainType":2,"messageKeys":{}},"BSfflbsAg8ZSNudCDaMl/RpZrkGXdQBe/Rx9DDc4DLp7":{"chainKey":{"counter":0},"chainType":2,"messageKeys":{}},"BWrsZLpSZGqJOVHbe/7cTLTTvfq8o2suppU/QEDNtR0u":{"chainKey":{"counter":0},"chainType":2,"messageKeys":{}},"BWpc+m/dUmzF0t5NUC+c/8EUOsMie1e9L5i16ru7x7tH":{"chainKey":{"counter":0},"chainType":2,"messageKeys":{}},"BVk1UUp8JsqlJ3NMyiR19wpU4znG0XsQssZJrf961NQS":{"chainKey":{"counter":0},"chainType":2,"messageKeys":{}},"BVwkc6CfFXB9rBmPrytTr+ms3a6eYbD3xPtwJozXJjYn":{"chainKey":{"counter":0},"chainType":2,"messageKeys":{}},"BXpDJJrlDAbXgiqP4Ada5zR/os/5hl0Nr0qLOTiCchMA":{"chainKey":{"counter":3},"chainType":2,"messageKeys":{}},"Bf0YtxQs6qg+2bDq3nQjn3FFtg/hh4yAe4UvRwkKviEr":{"chainKey":{"counter":1},"chainType":2,"messageKeys":{}},"BemWMvGHkCoHeWGq3LXULLZSQmYtBK17KRxlPgcLIzJr":{"chainKey":{"counter":0},"chainType":2,"messageKeys":{}},"BTCftje6oLiX94vodx5LEOBE7z1QWXeCFmZhAXAinK8C":{"chainKey":{"counter":1},"chainType":2,"messageKeys":{}},"BYmL2HtxcGVBvzyaCyqI24xynAqxqpAw5nAR7l8q4IJ2":{"chainKey":{"counter":0},"chainType":2,"messageKeys":{}},"BcKrKqMZLm9bVfVG4pH0u2CcDYaPKm58ATUdqIDNSUZj":{"chainKey":{"counter":0},"chainType":2,"messageKeys":{}},"BQMPdNmo3lKEK+NxS/k7ilRJGmsHqBrpli4siNGpjGAy":{"chainKey":{"counter":1},"chainType":2,"messageKeys":{}},"BRt26JzHZ1BTSWp2l2QM+K0f3LhSeP7G5W5l9BkY6bhM":{"chainKey":{"counter":0},"chainType":2,"messageKeys":{}},"BSiNYLev4sggCVsIlMcRBVjMspgwbrLLSmERnJbwmuMI":{"chainKey":{"counter":0,"key":"eBlKP7buHwXMA4W+k2a+Zb71xBfai4Zlt6rxQmsA1bU="},"chainType":2,"messageKeys":{}},"BcOFLu+n7hXd/TDOV/hivXxdFFqJ3M3IRgvBGgS/9+p3":{"chainKey":{"counter":-1,"key":"XiNyQDpghY3st/xRJMTMpietsKEXv+2SFqfvC0K2HBY="},"chainType":1,"messageKeys":{}}}},"BYDRlPbnTl6vIhhoDBkBvzkiP1MgXo6Yw5xN5Hz2X0gW":{"registrationId":465081740,"currentRatchet":{"ephemeralKeyPair":{"pubKey":"BbBeiSRvvHZXXdNMU056ohT8TzkgyVPQ6vSLM3Q6PdxX","privKey":"4GTh1x3aHBsp1nhrzsJdE2RrxZd2MHgWlT5DesvekFo="},"lastRemoteEphemeralKey":"BS3HcU2F8Li0aeTZ15ndx3Q2LwJzqAJi4aBPLrykU1N7","previousCounter":0,"rootKey":"r1idBWwCzGbmHHHvdidRLw2lYPYc+f/jIZvtOZijEWk="},"indexInfo":{"baseKey":"BYDRlPbnTl6vIhhoDBkBvzkiP1MgXo6Yw5xN5Hz2X0gW","baseKeyType":1,"closed":1730011366296,"used":1730011361523,"created":1730011361523,"remoteIdentityKey":"BTJTwVnmLxykcAHHbLF0/sKe+nFAJshEarKo0B4EsMMb"},"_chains":{"BbBeiSRvvHZXXdNMU056ohT8TzkgyVPQ6vSLM3Q6PdxX":{"chainKey":{"counter":0,"key":"FEuvfycUwVapX1Tuvv6fSJ8ewOcmTsdDJwetyzRHyI4="},"chainType":1,"messageKeys":{}}},"pendingPreKey":{"signedKeyId":1,"baseKey":"BYDRlPbnTl6vIhhoDBkBvzkiP1MgXo6Yw5xN5Hz2X0gW","preKeyId":11268489}},"Bc8DajiCgKXZ2SJBW7Bd6D1uYIM8S9WCiSSemRlMiIQo":{"registrationId":465081740,"currentRatchet":{"ephemeralKeyPair":{"pubKey":"BdFgNv4Tw4Ea/YhcCJZTiE8reMVk1t91boBse/pN2uJy","privKey":"mIMMoZfM4ETqaVgr795wVPgyA6u+959GomxCxlHQ3mU="},"lastRemoteEphemeralKey":"BS3HcU2F8Li0aeTZ15ndx3Q2LwJzqAJi4aBPLrykU1N7","previousCounter":0,"rootKey":"pHNGJ9780R6w8Nskaw3PufGOFTBLQGcxQtUK7xDNuKU="},"indexInfo":{"baseKey":"Bc8DajiCgKXZ2SJBW7Bd6D1uYIM8S9WCiSSemRlMiIQo","baseKeyType":1,"closed":1730011380585,"used":1730011366290,"created":1730011366290,"remoteIdentityKey":"BTJTwVnmLxykcAHHbLF0/sKe+nFAJshEarKo0B4EsMMb"},"_chains":{"BdFgNv4Tw4Ea/YhcCJZTiE8reMVk1t91boBse/pN2uJy":{"chainKey":{"counter":1,"key":"Gb+wEN6F/N2xXSjYiz1E4DooEKjFMAgwUGmwK6nMzsQ="},"chainType":1,"messageKeys":{}}},"pendingPreKey":{"signedKeyId":1,"baseKey":"Bc8DajiCgKXZ2SJBW7Bd6D1uYIM8S9WCiSSemRlMiIQo","preKeyId":11267778}},"BeFLDhuQBwHvb6ZUfgwTn6Zm4vQNU+Merb8T/yBvl4lo":{"registrationId":465081740,"currentRatchet":{"ephemeralKeyPair":{"pubKey":"BSwc939KUi+Rs9rtK1pafysTDY01iJhZ9txDkuQjs6Ux","privKey":"mFP5/1QOM73FvIJeIB3Pf/iCOd7ugWFB2voTJ34kaWg="},"lastRemoteEphemeralKey":"BZTuk3R6w59jHZpjeOu0/6oCS8JZFp9arEeM5uunKLFo","previousCounter":0,"rootKey":"WM64u3/ImLAeOSGRLtFDnDoHtZEXj6EvEMMRaa5dx8k="},"indexInfo":{"baseKey":"BeFLDhuQBwHvb6ZUfgwTn6Zm4vQNU+Merb8T/yBvl4lo","baseKeyType":1,"closed":1730959057175,"used":1730907113633,"created":1730011380562,"remoteIdentityKey":"BTJTwVnmLxykcAHHbLF0/sKe+nFAJshEarKo0B4EsMMb"},"_chains":{"BeLfFBfIYK2N4i54pEI9TtowSCPyjh9/pCpnefPhmlc1":{"chainKey":{"counter":0},"chainType":2,"messageKeys":{}},"BeUM4RG1qm37fGxnFyZj08QFggOyvqzT/lQCfPI7Mco9":{"chainKey":{"counter":0},"chainType":2,"messageKeys":{}},"BWSFys/3agVCiU7FdkYKwqWO1s8a5yerEIkr/ClFlecR":{"chainKey":{"counter":0},"chainType":2,"messageKeys":{}},"BVNouS6hMzjrS7E/hCk7kjKLpGT6LE0WJyEEnyBNncB7":{"chainKey":{"counter":0},"chainType":2,"messageKeys":{}},"BbvnqNrEBH1+8hCm9DTAK1JkbQtuGP12UJ6fV7/TpvoI":{"chainKey":{"counter":1},"chainType":2,"messageKeys":{}},"BdMBQH5aTndT0TzfBGu53InMD0H3Ar21ML+DsGRgGE0v":{"chainKey":{"counter":1},"chainType":2,"messageKeys":{}},"BV5FK5un/vrlSNRWJQb5RVXjvSxxNWNJjyAfE3PjIJss":{"chainKey":{"counter":0},"chainType":2,"messageKeys":{}},"BStqlb1Z8jipn3aJ4Sg6YKDSxvPIVsDUWnsyPQ7NMit9":{"chainKey":{"counter":2},"chainType":2,"messageKeys":{}},"Bc1VX5AIuCgKsjd2hKD/YxxWgXvRuT1C2sE7gEitauhG":{"chainKey":{"counter":0},"chainType":2,"messageKeys":{}},"BW3G6wj1ylTfTl/jKAh1IhbnQWn8bDYMTFSQ93Gev3lp":{"chainKey":{"counter":1},"chainType":2,"messageKeys":{}},"BSlcmSuN8FTrgR2Ozwb614n6qcxAh3C830l0t2vxWeFO":{"chainKey":{"counter":0},"chainType":2,"messageKeys":{}},"BUJkrvVGS2ZNPX1bFgO/yTmvJFyHwpBr43iXc+n7Kh8V":{"chainKey":{"counter":0},"chainType":2,"messageKeys":{}},"BZGms1v2EDq1jQCkajZBTu1k+kGXkVuWySHMKdJGhKxB":{"chainKey":{"counter":0},"chainType":2,"messageKeys":{}},"Bc5a8oUs8q1B2CUydr/j/71YUNNPhqzvp4SVyJtQr51Z":{"chainKey":{"counter":1},"chainType":2,"messageKeys":{}},"BSsj2y44mWHrdQd1im+9oprdkFIUTGUdbLT4D3ObjIl+":{"chainKey":{"counter":0},"chainType":2,"messageKeys":{}},"BanzHvtsnPvbdsrQ2YHG9XkJoaNnr1gVE698TlbnnUUJ":{"chainKey":{"counter":0},"chainType":2,"messageKeys":{}},"BfkmnMY13HX4eD/ZrZCp6Wj0M8eHags8ECyiLbs5WJkK":{"chainKey":{"counter":0},"chainType":2,"messageKeys":{}},"BTNP0n2fSk9jvNX/lP6cJoTfDxylw5ei1WkLy+VxaBIx":{"chainKey":{"counter":0},"chainType":2,"messageKeys":{}},"BUqLho1ldeiX4qDudrXjs7XZTEbIp8bxTCs7rgxJKW0E":{"chainKey":{"counter":1},"chainType":2,"messageKeys":{}},"BTXFapXRCk3KP7c1fODHKAiPHt1Y95GYGlu6v9VtxLwq":{"chainKey":{"counter":0},"chainType":2,"messageKeys":{}},"BfDCFkeXXfJJe1b0vCP3Ovs8XQe3YltOOf9VZ3E8HsUj":{"chainKey":{"counter":0},"chainType":2,"messageKeys":{}},"BUKiPSYXCcwG2Vd4aH35s8PIactcjp3jLDs1a3Nq0VBA":{"chainKey":{"counter":0},"chainType":2,"messageKeys":{}},"BervaP3qWIgX9V51A5OabX5Gy1MhSFepT1wBEpllJ6gw":{"chainKey":{"counter":0},"chainType":2,"messageKeys":{}},"Bb/VzfcXZX/M7pm0yoUUQGDz/R7MHX185PRAanulTPNI":{"chainKey":{"counter":5},"chainType":2,"messageKeys":{}},"Bdo0b1PxAoniK7SwX9XxS9OExbeeUk62pq4j+HJFro9q":{"chainKey":{"counter":0},"chainType":2,"messageKeys":{}},"BeyobAPmrtQk0LtvL7f4uIbJ8gE7pmr2TpYHGFOoY/QL":{"chainKey":{"counter":0},"chainType":2,"messageKeys":{}},"BbGuofmNqoHG2Sbi316RPKaB8UUGFLfyM1hqVKmAT3wH":{"chainKey":{"counter":0},"chainType":2,"messageKeys":{}},"BYZ5FN7vnVuD6ysfg8kZYXrTnkGf+7Q0uIsJAMYp6G0j":{"chainKey":{"counter":0},"chainType":2,"messageKeys":{}},"BdY3SI2QHMV6PY0jDVQMjX3avy36NQXbQoJw3YDsNL5N":{"chainKey":{"counter":2},"chainType":2,"messageKeys":{}},"BdL7B4EJlA/iZRbP/98wSlEwhHProbmZdzmcSyI+wJw5":{"chainKey":{"counter":0},"chainType":2,"messageKeys":{}},"Bd6JSEsslAsEy4jDsp/z6A5FnOOqvst0yoe8ShoWLIVb":{"chainKey":{"counter":0},"chainType":2,"messageKeys":{}},"BT5/KQvibXw2ogAwVcZBc6Ix4PecOH8pSyAigAedvQ1a":{"chainKey":{"counter":0},"chainType":2,"messageKeys":{}},"BXJwMhyYX7cd2UAifIAZnzs0nTohuuPEPLm7TgebELgB":{"chainKey":{"counter":0},"chainType":2,"messageKeys":{}},"BX+B6J4mEBdiDVynRjUSXMHGsqAvQO5nlfgJRgoV4Ydn":{"chainKey":{"counter":1},"chainType":2,"messageKeys":{}},"BVcRVbABXYHn/WNA+9//lviXYS/r2+bqt207i3YhmgBQ":{"chainKey":{"counter":3},"chainType":2,"messageKeys":{}},"BUeZRqE8GluMuPnOC2lAx++81qJwcJ+8k7i+w0WSjoJC":{"chainKey":{"counter":1},"chainType":2,"messageKeys":{}},"BUkubCZvUQxwdXu6+FsdmCWlq4KGuyZV8btKVVIY4u4Z":{"chainKey":{"counter":0},"chainType":2,"messageKeys":{}},"BZTuk3R6w59jHZpjeOu0/6oCS8JZFp9arEeM5uunKLFo":{"chainKey":{"counter":0,"key":"iQWtrKgy+p0k9rRcYkSCq4rOaPAlVOXFz7ztMDjaLA8="},"chainType":2,"messageKeys":{}},"BSwc939KUi+Rs9rtK1pafysTDY01iJhZ9txDkuQjs6Ux":{"chainKey":{"counter":-1,"key":"Qs36vLULMjyxQTWnMXnK55gnrcnaETYa60VC9fBxzkI="},"chainType":1,"messageKeys":{}}}},"BY/cskcNipAnj+fXhV+CxxmOK7Ol9LwvtgsrgXKH6oFm":{"registrationId":465081740,"currentRatchet":{"ephemeralKeyPair":{"pubKey":"BbDGUIv4v+dAvl2lLIV/aTYBSO3NSdunxBjlfYGhn9tR","privKey":"8D4NKf5BAducvpqesoRsmUYDKR5Ft5R5CdPcUDC7hUM="},"lastRemoteEphemeralKey":"BROqckexd65WxIHgAT4LrcNDagOWTaHrwtmIkI3c7fgs","previousCounter":0,"rootKey":"4sxRkOpPF4Z55dRWEx6tU5TPt5kG1sSoeJnUFZF9Te0="},"indexInfo":{"baseKey":"BY/cskcNipAnj+fXhV+CxxmOK7Ol9LwvtgsrgXKH6oFm","baseKeyType":2,"closed":1730959062685,"used":1730959057179,"created":1730959057179,"remoteIdentityKey":"BTJTwVnmLxykcAHHbLF0/sKe+nFAJshEarKo0B4EsMMb"},"_chains":{"BROqckexd65WxIHgAT4LrcNDagOWTaHrwtmIkI3c7fgs":{"chainKey":{"counter":1,"key":"9+CdA+fDyIuMUoIMIQo62oXVHHaN7wMqUmqIYMIJxSs="},"chainType":2,"messageKeys":{}},"BbDGUIv4v+dAvl2lLIV/aTYBSO3NSdunxBjlfYGhn9tR":{"chainKey":{"counter":-1,"key":"T/q0JUjS+X/NbHfpsU7S7Anrg8eZ24CBpFuBTk6cc1s="},"chainType":1,"messageKeys":{}}}},"BTCdsiILTE8ewsNI2BnFuR9dv3o20+HLs60N74lH0+w9":{"registrationId":465081740,"currentRatchet":{"ephemeralKeyPair":{"pubKey":"BWdzMe4y3nWPg9dbgc3QUiw5mZaci6iOTAmLSBYKMQNS","privKey":"mFloUsvDXR7dgz0VkG3IdtCpNI9VvCAfT8p7dzifuV4="},"lastRemoteEphemeralKey":"BdCQruLZbC4FHkyh8WEY43Lvzma/En8+qCxmtKmtEC5r","previousCounter":0,"rootKey":"Yc9xKm7eiduq1eurGy0bP0oni4PQvSuhla98pVlwXVo="},"indexInfo":{"baseKey":"BTCdsiILTE8ewsNI2BnFuR9dv3o20+HLs60N74lH0+w9","baseKeyType":2,"closed":1730965713194,"used":1730959062692,"created":1730959062692,"remoteIdentityKey":"BTJTwVnmLxykcAHHbLF0/sKe+nFAJshEarKo0B4EsMMb"},"_chains":{"BdCQruLZbC4FHkyh8WEY43Lvzma/En8+qCxmtKmtEC5r":{"chainKey":{"counter":0,"key":"auxktLULrttb7hryTBYHDpOQcX275jTyMDspZS5rXiA="},"chainType":2,"messageKeys":{}},"BWdzMe4y3nWPg9dbgc3QUiw5mZaci6iOTAmLSBYKMQNS":{"chainKey":{"counter":3,"key":"bc8LnLSP/8hm6pxbvCVdChqeu73W2CkfUzizsUcSaOA="},"chainType":1,"messageKeys":{}}}},"BYv29/IiDZyn0UCN8LOZfxLFjacA4xU/yxesv9J5dLlu":{"registrationId":465081740,"currentRatchet":{"ephemeralKeyPair":{"pubKey":"BeA6m2tfgQC+hCKGrVhG+kAWHNPk4IVF+B1dgdU5+V1w","privKey":"4Bm8Inyb4w5+U45CgZMwa53KZ7gKVV+lQ/JJaZzDN0k="},"lastRemoteEphemeralKey":"Ba3bJu4csq7iTTeEfXdTRElTfjP8SxYc1A3cl/JMO/Iz","previousCounter":1,"rootKey":"m1Axl09yIMwXm1eGgxia3dPoZa5fAEGPSvfJLmFz5uk="},"indexInfo":{"baseKey":"BYv29/IiDZyn0UCN8LOZfxLFjacA4xU/yxesv9J5dLlu","baseKeyType":2,"closed":1730994892011,"used":1730970168119,"created":1730965713201,"remoteIdentityKey":"BTJTwVnmLxykcAHHbLF0/sKe+nFAJshEarKo0B4EsMMb"},"_chains":{"BVPex+g2V64iXHKjqXPQqESVhFbEwDWsOI79Baa6EHVo":{"chainKey":{"counter":4},"chainType":2,"messageKeys":{}},"Ba3bJu4csq7iTTeEfXdTRElTfjP8SxYc1A3cl/JMO/Iz":{"chainKey":{"counter":2,"key":"nCtP7bL1ykYHJHFTp/vBn1VbAtFuQuYxl9kL6x8Z8uQ="},"chainType":2,"messageKeys":{}},"BeA6m2tfgQC+hCKGrVhG+kAWHNPk4IVF+B1dgdU5+V1w":{"chainKey":{"counter":-1,"key":"oCcx5U19ORrZWVR8ENODBQJRbjYZnxzanhFpplPBEf4="},"chainType":1,"messageKeys":{}}}},"BbzOP3NeXU4z+OVUWoQiMil+yUyAeT/qXkbvYEVi8LMT":{"registrationId":465081740,"currentRatchet":{"ephemeralKeyPair":{"pubKey":"BcDSXnUL4j3ba10JdvF3l/yPlw0oPiML9XEukhDVfR8L","privKey":"AMAzNvMLKTeUSuZq73MihSmgi4U5Nsof4v1X2rD4wG8="},"lastRemoteEphemeralKey":"BaHCXIEOrRqQaQdQtHL+ToVnAgfjNp6A2sTQ5ojWSTwJ","previousCounter":0,"rootKey":"N+qswJ3E+v+jlYyZl74Zd/e00XzQfzkyEWh/v6egfuw="},"indexInfo":{"baseKey":"BbzOP3NeXU4z+OVUWoQiMil+yUyAeT/qXkbvYEVi8LMT","baseKeyType":2,"closed":1731071620979,"used":1731055666061,"created":1730994892015,"remoteIdentityKey":"BTJTwVnmLxykcAHHbLF0/sKe+nFAJshEarKo0B4EsMMb"},"_chains":{"BTxVo5V+Mnn308IDVIqPfFZik6bk+8KHrVyCQE+PpYVa":{"chainKey":{"counter":0},"chainType":2,"messageKeys":{}},"BbCFArNMfD6hQDRBP58kzGVoMN0LaRLzb5TFfIHLkwdT":{"chainKey":{"counter":0},"chainType":2,"messageKeys":{}},"BZunRpqOnirsksZQURLmdNUr5ijKOfTbsg+5XxcT4wFi":{"chainKey":{"counter":0},"chainType":2,"messageKeys":{}},"Ba2FWHIeQIWQ2cpgMdUF3K1W4VvaeA1WTX8UrGnRIuk2":{"chainKey":{"counter":0},"chainType":2,"messageKeys":{}},"Bfezkz1rdRo4MAMJTNtlYeH97T7G3ARwW69/jPgo/XJr":{"chainKey":{"counter":0},"chainType":2,"messageKeys":{}},"BV30VPE9RzbQcSWI7Wd9QCjArrtJmnFKUVk3UHtj5McY":{"chainKey":{"counter":0},"chainType":2,"messageKeys":{}},"BULiovtGW62YYVNJaeJ4IJMlIqTosTRwn246ndgUcEwO":{"chainKey":{"counter":1},"chainType":2,"messageKeys":{}},"BffDAzWFEsrMnpL1R7UgdJMlxVGRHvxsGO3Bx0TB3/Em":{"chainKey":{"counter":0},"chainType":2,"messageKeys":{}},"BWfGoz6150BBANNYZvXaZxiJgN7O5Fq7xuUFLb9AaNw3":{"chainKey":{"counter":0},"chainType":2,"messageKeys":{}},"BQ1byKeB9QOYamLpyV0q+URZVQskfxvnxjlNbiz/blk/":{"chainKey":{"counter":0},"chainType":2,"messageKeys":{}},"BcuswTuVig/Fcpr5zOzLu7tfQkmV/Eldsd+If6OfE3YS":{"chainKey":{"counter":0},"chainType":2,"messageKeys":{}},"BaHCXIEOrRqQaQdQtHL+ToVnAgfjNp6A2sTQ5ojWSTwJ":{"chainKey":{"counter":1,"key":"I+/ZlgY1MHNbRk4yXb8inLinNko3St8u5CVXywUe/Zk="},"chainType":2,"messageKeys":{}},"BcDSXnUL4j3ba10JdvF3l/yPlw0oPiML9XEukhDVfR8L":{"chainKey":{"counter":0,"key":"uaoIPTmscwGPoiX/yMNySHDv/84wjuzs9FNj+s/R+dc="},"chainType":1,"messageKeys":{}}}},"BSIAZG5gJATej36TVOULsS7m/3F+wrLxBk+0wxkzT3do":{"registrationId":465081740,"currentRatchet":{"ephemeralKeyPair":{"pubKey":"BQmU2pQqr6+aE5W3+FoA/P6MnloZncVxpJ8ENn2U58tw","privKey":"aIQOM6j8mvhwC2IElxpz7R3r0t8MqPZzjWAHkCWcV28="},"lastRemoteEphemeralKey":"BdHLqpKPJPIRmZJRMGxA1XjmAI2/xr2bOvW5HXdg2NoY","previousCounter":25,"rootKey":"HfnZhVL3Hzm27LinqH2yiknmBgI2KcrOXR+Z1PoUgd4="},"indexInfo":{"baseKey":"BSIAZG5gJATej36TVOULsS7m/3F+wrLxBk+0wxkzT3do","baseKeyType":2,"closed":1731506759087,"used":1731426498599,"created":1731071620986,"remoteIdentityKey":"BTJTwVnmLxykcAHHbLF0/sKe+nFAJshEarKo0B4EsMMb"},"_chains":{"BZN8E4sIFW73OVXXgoVmM4iBH2sFtW3mn0lwHma9PRcp":{"chainKey":{"counter":1},"chainType":2,"messageKeys":{}},"Bcvf3dl4UqaAEvP4hocPR4UGnt1uL2Z8qNBOH1Y1oqUy":{"chainKey":{"counter":0},"chainType":2,"messageKeys":{}},"BeVNcyX7h+xPchBcELSZ0O8whoeiCqLhggCyHya0m9p/":{"chainKey":{"counter":0},"chainType":2,"messageKeys":{}},"BbdOHMvy/kM/H5Toz7A0YviukL7CNxBm6S4WCOXKKupb":{"chainKey":{"counter":0},"chainType":2,"messageKeys":{}},"BWN7AICIxSWYmBLcbW/u4tdXqBjQSoCCFoV+0VWH3Hhb":{"chainKey":{"counter":0},"chainType":2,"messageKeys":{}},"BcdyNgOUiXTPCC+uK1vGsNFfAMpbjC2Y3tWFU2XQnZly":{"chainKey":{"counter":0},"chainType":2,"messageKeys":{}},"BSXSprNd7ChJtLJzpjCyPABdjbZ7yDDU1zKPWmw0p0dg":{"chainKey":{"counter":0},"chainType":2,"messageKeys":{}},"BTpEfBqFimv9E2epwj/gYCfJ1D7eM3mN157SdpY244VE":{"chainKey":{"counter":0},"chainType":2,"messageKeys":{}},"BdUXMhffAxEDUtuVOzoFwYbK5u4lq1LyI1nRcYMhGNot":{"chainKey":{"counter":0},"chainType":2,"messageKeys":{}},"BcR4LDj91oU4QOhOAF//DcKbPvlWu56gGMos/LT7oelH":{"chainKey":{"counter":0},"chainType":2,"messageKeys":{}},"BR2HUBWmNodgt0JWmIvLXdqwNhaJ/12nAvQqQNF8nZlP":{"chainKey":{"counter":0},"chainType":2,"messageKeys":{}},"BSatEajImgbRdwuipNEhLTXxKiRlbZf4fUoCyZyJUQM+":{"chainKey":{"counter":0},"chainType":2,"messageKeys":{}},"BYovUxCl4IKg7I6ArhYTkcnUlUcpioVY0GIax6SUlv8Q":{"chainKey":{"counter":0},"chainType":2,"messageKeys":{}},"BTrB5isoylW+Ztohw/jQOWrF8vA2hAL0TJ0F0F+dOw8u":{"chainKey":{"counter":2},"chainType":2,"messageKeys":{}},"Bf70SvKw+0Y+n8rw2AhLc7FoCRFRHfENm0toUQEbaYkO":{"chainKey":{"counter":0},"chainType":2,"messageKeys":{}},"Bep68X2nSA2oudY4Kg9ohHYgyQOrKC1JF2IHoo1PD/1A":{"chainKey":{"counter":1},"chainType":2,"messageKeys":{}},"BTQIzrlKT6rSHgpIm5mZsW72Jsi33iOJH4E1Z9YCGA9E":{"chainKey":{"counter":0},"chainType":2,"messageKeys":{}},"BV27iBMfDLORGcDFv1Cf0eySWflLxrd7h1SHoqSjPF9v":{"chainKey":{"counter":2},"chainType":2,"messageKeys":{"0":"ZAoOlwWXLzy+0lguSlJsBwxmrfBNIO7cTEwfzL6B1s4=","1":"0ZHIrxP8AwAQSkR9Ttc0nwIUXMTZnfeymvKLDxZWRVA="}},"BQtQpzMKt8IDSpq9rYSq1jueEeq2kYexNlL9YEi0E9YW":{"chainKey":{"counter":0},"chainType":2,"messageKeys":{}},"BWjmPftovCDP6jkHe59WvWGjXuPy6/irNNswuY5CbyIP":{"chainKey":{"counter":0},"chainType":2,"messageKeys":{}},"BXp7TwmD6RtoNV1asuEs6u+B03pvxfy3e/64GDjEMmEY":{"chainKey":{"counter":0},"chainType":2,"messageKeys":{}},"BZORycKxmeTjtEuP/LzcgLFQoO3O4130UCqwEzjYIWF6":{"chainKey":{"counter":0},"chainType":2,"messageKeys":{}},"BWxFMnkCDziY4R08rQjvo1s7SXROls7owzZlCIWjlUoZ":{"chainKey":{"counter":0},"chainType":2,"messageKeys":{}},"BYGJqdCRK27CcvShSHJB1XenmR74M7nJ8WLOfcUuN74z":{"chainKey":{"counter":0},"chainType":2,"messageKeys":{}},"BaE2REdrbmXvUTcJnAonUp/cfNsXSPR5BuuP1Ok99h1n":{"chainKey":{"counter":0},"chainType":2,"messageKeys":{}},"BeELKyYBA07MxKr2rH/NVRxmthCjtHbuwJxjQhgjtRtZ":{"chainKey":{"counter":0},"chainType":2,"messageKeys":{}},"BRx9qnIcrBX4astyQ4QIXSvE+Z4bPSa9sGpn83HDYe0Q":{"chainKey":{"counter":0},"chainType":2,"messageKeys":{}},"BU4iUBdQ16J4jAp7dWvIvsR0qORWctM6z/J2D4K9A25g":{"chainKey":{"counter":0},"chainType":2,"messageKeys":{}},"BYiHvPfOcPnukBqCs1p4wt8ebeFICUyqi/02KTD2kowr":{"chainKey":{"counter":1},"chainType":2,"messageKeys":{}},"BZDh1ik6NTrrLJpi5aWrKvQEVNlRvWjyyvW46QQSQtd7":{"chainKey":{"counter":0},"chainType":2,"messageKeys":{}},"BU6XIFbR6vNXnSxCHGZn5lA6Yh9ywuPkGbN9dpZOkRJ6":{"chainKey":{"counter":0},"chainType":2,"messageKeys":{}},"BU3y3oSNPykH6zQIWSIlMQnYKJYjNgjpD+Iz+Z4+BL4h":{"chainKey":{"counter":0},"chainType":2,"messageKeys":{}},"BUQ4fY0Rjgp1ld4QfdeUIyqZr/cu2pPOIJI7TFHUdGEu":{"chainKey":{"counter":0},"chainType":2,"messageKeys":{}},"BWndOxTOgg4dx1nsG9HH/MYBZiSX7R4y/4EYeU052Ydv":{"chainKey":{"counter":0},"chainType":2,"messageKeys":{}},"Bc/pMKQa4xg7ybKeLolM3XA+oZADIUrTFK9t0fI09SpQ":{"chainKey":{"counter":0},"chainType":2,"messageKeys":{}},"BbtzWCy1gYQu2S43ogDxuNZ+t6RjOy8rOGe5caTqeHof":{"chainKey":{"counter":1},"chainType":2,"messageKeys":{}},"BXIHV6FoRyQkg2eRMIT9D99PPKSbfIHx1F/4nIdT21F4":{"chainKey":{"counter":0},"chainType":2,"messageKeys":{}},"BdHLqpKPJPIRmZJRMGxA1XjmAI2/xr2bOvW5HXdg2NoY":{"chainKey":{"counter":0,"key":"og9v83pZdNu0OgEcEF1RTrhWUL4yka8PEgir5cLAaqw="},"chainType":2,"messageKeys":{}},"BQmU2pQqr6+aE5W3+FoA/P6MnloZncVxpJ8ENn2U58tw":{"chainKey":{"counter":1,"key":"y550UhLn4GqUrJfn13prdBUf7dkrdbOIpPr4hEN6+74="},"chainType":1,"messageKeys":{}}}},"BeHjLHONaLn7qjDyq+D3MNdATXn7C0JEYwYfzZ3XxzEY":{"registrationId":465081740,"currentRatchet":{"ephemeralKeyPair":{"pubKey":"Bc/pjwreMBmW3ORT7Ak5OVXweF8qvLdLYcwhfK1wG4V7","privKey":"UB+T/zrMcQ4f+F5OPMER6I2xGyTECxep00CK+d3c10A="},"lastRemoteEphemeralKey":"BUMb0lW69ifDENd3wYG/yeQXjjRjGPVLRZqReTHw1bQi","previousCounter":0,"rootKey":"FQqhCUWw8F2CCa0X96m7kis7GIW722XGJRvWcBkaF5c="},"indexInfo":{"baseKey":"BeHjLHONaLn7qjDyq+D3MNdATXn7C0JEYwYfzZ3XxzEY","baseKeyType":2,"closed":1731595142359,"used":1731512800462,"created":1731506759091,"remoteIdentityKey":"BTJTwVnmLxykcAHHbLF0/sKe+nFAJshEarKo0B4EsMMb"},"_chains":{"BZzC4qEkOhA6UPVQwPSArKdwLl+NbA+OGK2iIKAQpH4x":{"chainKey":{"counter":3},"chainType":2,"messageKeys":{}},"BbRTXJrL4RoVSN+hqjTELnXrfX4LYdCH4GNK1Lpn5usZ":{"chainKey":{"counter":0},"chainType":2,"messageKeys":{}},"BUQYmSG7vF2afFZCq4GSVBmwDO2Kw3EehS2BTjJFtvdS":{"chainKey":{"counter":0},"chainType":2,"messageKeys":{}},"BbHwduEyf9bY3Huqefhd5NOcNYPsbgR2PJv/IYdZ99Mc":{"chainKey":{"counter":0},"chainType":2,"messageKeys":{}},"BeUinRSrAFSJr0x8VEcCaPI2vURPTXNiLU8+gBWUlMZm":{"chainKey":{"counter":0},"chainType":2,"messageKeys":{}},"BZqWn7x6glEBhN2m5bkcDhgGRJJLhXkRwwZeFXpvvU9l":{"chainKey":{"counter":0},"chainType":2,"messageKeys":{}},"BYd4kwsn/byBlMJ6UcP7c7KbDYx95olx0JuwKZ4SkQJj":{"chainKey":{"counter":0},"chainType":2,"messageKeys":{}},"BZgOxeB4+OkCUZOGqto3XSXzIemsTEj9vQ0nUj6L+xsA":{"chainKey":{"counter":0},"chainType":2,"messageKeys":{}},"BeJsyaRJvMB39mqHiqUjYSdB1WO7zMVsNqgHOW7lOvoN":{"chainKey":{"counter":0},"chainType":2,"messageKeys":{}},"BcfEr+6emInhRFTudReNsCjC+kGl4yHivPhBmGKBWR8Y":{"chainKey":{"counter":0},"chainType":2,"messageKeys":{}},"BddBRDlaIXApqOiVMc7FmRmNig1if9iUVjvjHrxLEY97":{"chainKey":{"counter":0},"chainType":2,"messageKeys":{}},"BUMb0lW69ifDENd3wYG/yeQXjjRjGPVLRZqReTHw1bQi":{"chainKey":{"counter":0,"key":"tU+zKiy3+di4xgwDuPuCxJA00FwgGnZ45QZiuZLKuf0="},"chainType":2,"messageKeys":{}},"Bc/pjwreMBmW3ORT7Ak5OVXweF8qvLdLYcwhfK1wG4V7":{"chainKey":{"counter":0,"key":"Sm1SihPEcjHAP78skbClnAl6l6HecqknN9b8ydsJS7o="},"chainType":1,"messageKeys":{}}}},"BZU1k+VzVaKGV4oCGOiC8FVktKtukI1UphiROmhSQlxu":{"registrationId":465081740,"currentRatchet":{"ephemeralKeyPair":{"pubKey":"Be/hN8AKo3owWPgJ3DqX8r3yQPr5hM3UrTpBMx9KNmIR","privKey":"OOiWz/S/jGFKIg3M0HHqoPxdYOEXgsJf1TmBHkux7n8="},"lastRemoteEphemeralKey":"Bbex75Q/XY01VbqRY9mk0hdeN65ncg3T85iWYvUOBY9p","previousCounter":5,"rootKey":"i/IIRhEo/A0lAgYWPQYDmHyo3OxCJYVwk9ZSeoi7ArQ="},"indexInfo":{"baseKey":"BZU1k+VzVaKGV4oCGOiC8FVktKtukI1UphiROmhSQlxu","baseKeyType":2,"closed":1731691600928,"used":1731686645194,"created":1731595142365,"remoteIdentityKey":"BTJTwVnmLxykcAHHbLF0/sKe+nFAJshEarKo0B4EsMMb"},"_chains":{"BXZjbD4poLXniXuKDF2PxtVrNPyf6aO5vlQPGWgvTlcx":{"chainKey":{"counter":0},"chainType":2,"messageKeys":{}},"BXAEK6iJ/ulFZ9R1EtLL9gS97vydCwBgkLg6sHyxKNYf":{"chainKey":{"counter":0},"chainType":2,"messageKeys":{}},"BRcmkhX+wu209Zi7MXlwLVp2Ijb85YrzF1+LlW0nRrRj":{"chainKey":{"counter":0},"chainType":2,"messageKeys":{}},"Bc2zrjsp68hAvZHw6Gp24pcC5DcnrG3zh14daC/jYIs7":{"chainKey":{"counter":0},"chainType":2,"messageKeys":{}},"BUBZLX7OwChu2OvihJC+dgIF5WntQAlhr9Ms/kRlFmEE":{"chainKey":{"counter":0},"chainType":2,"messageKeys":{}},"BT7r4r2mFfAVSPI/LpYKCZoOpqmGEeOM+Z3CR/Phx2t6":{"chainKey":{"counter":0},"chainType":2,"messageKeys":{}},"BRQSo5UiWcWmIf6DHamic4/wL6AXoiYOSDh1YlaRR48r":{"chainKey":{"counter":1},"chainType":2,"messageKeys":{}},"BVuD/8ZpbjVtibbqkQD0vgYeaw8YvpoNJjML37OpnG0s":{"chainKey":{"counter":0},"chainType":2,"messageKeys":{}},"BbrIIHEt19mrlglF1iGAPq1OJ39fdSg/eKaX5o/VBYZJ":{"chainKey":{"counter":0},"chainType":2,"messageKeys":{}},"BWlXwNK04dQV14MSYM8X9nhA4JIdMQaiTK9VxlMXlBsQ":{"chainKey":{"counter":0},"chainType":2,"messageKeys":{}},"BTI/UAyCE2M0P2tfmeUoKSPWadE6wQXiZD/840cFokMG":{"chainKey":{"counter":4},"chainType":2,"messageKeys":{}},"BRna6KhOtQWSzI+t0ahMzwoeKjBgpJBw/rHXxX/jFyFb":{"chainKey":{"counter":1},"chainType":2,"messageKeys":{}},"BaF1xeRNwhnawSDMDYrlZ+BMP0QSmnQ79bAHRUD9fTBV":{"chainKey":{"counter":0},"chainType":2,"messageKeys":{}},"BU/uPUSYD85f9F7eMasBMACgo+rJgcC/HPoUQrZMc69y":{"chainKey":{"counter":0},"chainType":2,"messageKeys":{}},"BZEXEjeug+7c8PZp9sDbuP40O/JV8T9HRKIvL6xKVn50":{"chainKey":{"counter":1},"chainType":2,"messageKeys":{}},"BcKEc0ey4or/+VBrjmXni+feS8ckEVzuyUJWnBPmKQ12":{"chainKey":{"counter":1},"chainType":2,"messageKeys":{}},"BR4vKuZKPfw/LYCRyIBSTZ72tgJPz5gJkaOKbGsFlFAN":{"chainKey":{"counter":0},"chainType":2,"messageKeys":{}},"BRUjpGvogK1E4e0QCHAc0p5KC9oDqVrLidZR3HUOpdNL":{"chainKey":{"counter":0},"chainType":2,"messageKeys":{}},"BakkfxyfKhlAkJ1Smn7dX2DTCyyM2hyXWj13sjqZcDo6":{"chainKey":{"counter":1},"chainType":2,"messageKeys":{}},"BcZQOLgvvB66tCqz6YXUj3lDXYK/zR5Grb5emfLrR3op":{"chainKey":{"counter":6},"chainType":2,"messageKeys":{}},"Bbex75Q/XY01VbqRY9mk0hdeN65ncg3T85iWYvUOBY9p":{"chainKey":{"counter":0,"key":"wjp9CCfvbzSgv+FpLo4Qgthcg9hvng+eErxEBgtVnHI="},"chainType":2,"messageKeys":{}},"Be/hN8AKo3owWPgJ3DqX8r3yQPr5hM3UrTpBMx9KNmIR":{"chainKey":{"counter":0,"key":"wgtj66Gz2hKy/aK97o1UIx5euDvlbva2ywwuX1WtyD0="},"chainType":1,"messageKeys":{}}}},"BRH72OZcaRgeD1Yc20XRcB8z48ijgCvBD6FPuIJCF6d8":{"registrationId":465081740,"currentRatchet":{"ephemeralKeyPair":{"pubKey":"BQTh7gLrtkNEMKxwGg2RlSqi9kzhGlOZoXqrcaD+OwYg","privKey":"yIcMbcWDegylLqYHCcaqXN0Sikbo7COL6QT06VnVQHA="},"lastRemoteEphemeralKey":"BYdQq60KzJ9hjySk0MxTGS+cb/HrfzbFvEDOy8o+1f44","previousCounter":0,"rootKey":"wVqj56zB8XBVchO9E3aaxweX4h3pVWSfIExgojC7f6w="},"indexInfo":{"baseKey":"BRH72OZcaRgeD1Yc20XRcB8z48ijgCvBD6FPuIJCF6d8","baseKeyType":2,"closed":1731736671548,"used":1731732966280,"created":1731691600932,"remoteIdentityKey":"BTJTwVnmLxykcAHHbLF0/sKe+nFAJshEarKo0B4EsMMb"},"_chains":{"BXu0MbYAy1/jTajmGcDRXI2wWJ0U4ViJgSOZPXSt6X1z":{"chainKey":{"counter":0},"chainType":2,"messageKeys":{}},"BSvhS4JfymM5RXO7FIDTeukT1iMS2NX9OpOkts4U2CEE":{"chainKey":{"counter":0},"chainType":2,"messageKeys":{}},"BcjGaM7PSE203favP4kqWs5qq7viSUB++oGHRCRx18kH":{"chainKey":{"counter":0},"chainType":2,"messageKeys":{}},"BfmXmO7UuaRO6MbafjbwtBTmmiGdBTCrfTcvi9HhSOoE":{"chainKey":{"counter":0},"chainType":2,"messageKeys":{}},"BZz+QeFxl9VWNqw8OPyLg5+PjSB42kTFPwiNG13rClBf":{"chainKey":{"counter":0},"chainType":2,"messageKeys":{}},"BSihb0DZpUt6qdlO5u2eckqWaNC2IKzKV0LkJeZNU/Qb":{"chainKey":{"counter":0},"chainType":2,"messageKeys":{}},"BRMMyQ8cfalAQuYMZlrdAAxAg68gG8LohMvlpmDXdk1W":{"chainKey":{"counter":0},"chainType":2,"messageKeys":{}},"BR6xnMuQGyYrX/ruwoOvGRG5Fv74UVSoqU+8qZoNqS0U":{"chainKey":{"counter":4},"chainType":2,"messageKeys":{"4":"MfHQ9HS1VLdxCrKtoMEQaRsHWNH3FrtXaD6fqusW5r0="}},"BYdQq60KzJ9hjySk0MxTGS+cb/HrfzbFvEDOy8o+1f44":{"chainKey":{"counter":0,"key":"YY8c8Y0yXWUVywyOCgEcuMiWWIkTgedodz72gQuxDDM="},"chainType":2,"messageKeys":{}},"BQTh7gLrtkNEMKxwGg2RlSqi9kzhGlOZoXqrcaD+OwYg":{"chainKey":{"counter":0,"key":"v8n4msjVlFCZ359gT/RtDtdGXXGD09fa9nLlZn1IgPE="},"chainType":1,"messageKeys":{}}}},"Be5rygvMVy8TW6EXXrSnDMKaCXseyuXO12FzoP6vElE4":{"registrationId":465081740,"currentRatchet":{"ephemeralKeyPair":{"pubKey":"BV7fS5+Z7/M/txDWBRTDaNgoH4VUMMUuyEqfR0ejwIly","privKey":"cIbVVs9WJJkWWYMA8115vzl+3ZgZQQsZkuAt22vl7l4="},"lastRemoteEphemeralKey":"BT6HZcXzsmQq+PCdtAnSlTZyQmtTlg6jKug9IeWG3Tk9","previousCounter":2,"rootKey":"jGaPPqoK2iQNArCndp1jb76lO+xgs9i8o9ypNBAlS2Y="},"indexInfo":{"baseKey":"Be5rygvMVy8TW6EXXrSnDMKaCXseyuXO12FzoP6vElE4","baseKeyType":2,"closed":1731847443330,"used":1731847267896,"created":1731736671550,"remoteIdentityKey":"BTJTwVnmLxykcAHHbLF0/sKe+nFAJshEarKo0B4EsMMb"},"_chains":{"BXYi0K5Cgp2pyKEZsf8spAVRyk5DMAwp4phQIyF62zpH":{"chainKey":{"counter":0},"chainType":2,"messageKeys":{}},"BelkcAqPS9u2qrIEUs1hVMJwXPgd9hYhv81GLjpLvKRp":{"chainKey":{"counter":0},"chainType":2,"messageKeys":{}},"BSdBcgfNASM9Yvh4m/GSlyqmI0fucy4CVy82ElaSJRpF":{"chainKey":{"counter":0},"chainType":2,"messageKeys":{}},"BeDKftHo2oCtFuETTLM4qIL54fMhETgvKdlP8zOx9uEj":{"chainKey":{"counter":0},"chainType":2,"messageKeys":{}},"BcCLLqGg1WuBafIrsT9hP2uU6Upx0t9yqjU5eRKEiB9Y":{"chainKey":{"counter":0},"chainType":2,"messageKeys":{}},"BR5wyKzA8BSoNP88vqLa1ulsgGMda+3aAKZCqIJoYgEo":{"chainKey":{"counter":0},"chainType":2,"messageKeys":{}},"BUtWv0+7WPP2pGYynvhdPgn+JQK+uF4nCKv0IeomhUdO":{"chainKey":{"counter":0},"chainType":2,"messageKeys":{}},"BchuMha4KdP/08KtpES2p+kOmNJM/ncgsYTWjfrvYVMA":{"chainKey":{"counter":2},"chainType":2,"messageKeys":{"2":"BuU2HB6aZEnAEbxdwqMvxneUmJDX06+yAJur8jtxsHY="}},"BRox0rs6MN7gIyheN8d419FgVZlUqJcXlqwl7NUZqr8t":{"chainKey":{"counter":0},"chainType":2,"messageKeys":{}},"BYXlqWKvIvgvojnwO/TpDXH8wuYyx7Avhp37aWIVZWpy":{"chainKey":{"counter":1},"chainType":2,"messageKeys":{}},"BVRQ9oR+8ps3HLi7jKZa34L+dkUsjAy72Vk2e9BJqApu":{"chainKey":{"counter":0},"chainType":2,"messageKeys":{}},"Bf5+8Or4YDtxlax/enmnHYwJ1wOPlTnOxIfbxdicmWkm":{"chainKey":{"counter":1},"chainType":2,"messageKeys":{}},"BQitLfG0iCTAEXay/7g4UpZtQsYfxYO9Fym4sFfeY0hk":{"chainKey":{"counter":0},"chainType":2,"messageKeys":{}},"BecirS6NrCBrHja/lU4TEMjWBFgvcoN4Refuwg+NzlRO":{"chainKey":{"counter":0},"chainType":2,"messageKeys":{}},"BdEmMDwiAgK418q6tTn7wVdBUF7G+39XvsoxU6muSgZS":{"chainKey":{"counter":0},"chainType":2,"messageKeys":{}},"BU567EKcFJooO61ksuhG6+etu/TzIpbKajYN/EQDXYZT":{"chainKey":{"counter":1},"chainType":2,"messageKeys":{"0":"GmdqoRiovTHahqppCmsyyMu80ZpnLlWX+fRdOyA119k="}},"BXawtRQTJm1sgSurUQkMPZ6Dh+RoEemq9Yn6j/XO+J5c":{"chainKey":{"counter":0},"chainType":2,"messageKeys":{}},"BX7i3GlM7FK4z7i2E3Hb0l+2z61MBptnbH5CoZsSJQpM":{"chainKey":{"counter":0},"chainType":2,"messageKeys":{}},"BT6HZcXzsmQq+PCdtAnSlTZyQmtTlg6jKug9IeWG3Tk9":{"chainKey":{"counter":0,"key":"YmGhnAoVMO/Ka5QCcHloQ3heEqQlRn4tjFGS2h7TSxg="},"chainType":2,"messageKeys":{}},"BV7fS5+Z7/M/txDWBRTDaNgoH4VUMMUuyEqfR0ejwIly":{"chainKey":{"counter":0,"key":"K5KEVFeqGP5lUmjmQrcs3xO7koPZhQbTooFgkpfcAsw="},"chainType":1,"messageKeys":{}}}},"BSGFMnbl2cDW41A4LpSAyjW4A7+ANndPBnSTVUpd4jo2":{"registrationId":465081740,"currentRatchet":{"ephemeralKeyPair":{"pubKey":"BbP1eEiONA8I/tnIdS4FI5nLbjV+vgSMdZF7lDcg22oo","privKey":"+KhdprpWhaQpYUeNs0E86cteGmBW/kKl3oBjELbkSGU="},"lastRemoteEphemeralKey":"BVvoV4XGJj+6Bg8HdaE/10S9QfTXA5OLnoZKbd2pWogY","previousCounter":1,"rootKey":"4fQ5nl7p0L5Lsdr9Bok69Jej9yypG0OnFPLUdyuBkTc="},"indexInfo":{"baseKey":"BSGFMnbl2cDW41A4LpSAyjW4A7+ANndPBnSTVUpd4jo2","baseKeyType":2,"closed":1731852274216,"used":1731851711585,"created":1731847443335,"remoteIdentityKey":"BTJTwVnmLxykcAHHbLF0/sKe+nFAJshEarKo0B4EsMMb"},"_chains":{"BTot7TMk8Ts5iUVggu+ZSOqxTbyjeExrAg10N84iuKsC":{"chainKey":{"counter":0},"chainType":2,"messageKeys":{}},"BfNFiaVUjn2Kq/t7Z9l8wZh+Ptl/hILmozZCAxtnooIs":{"chainKey":{"counter":0},"chainType":2,"messageKeys":{}},"BS+TnIUu60Y4f7MGdJ38QG9Xm5976q5FGC9l8OdyMSZ+":{"chainKey":{"counter":0},"chainType":2,"messageKeys":{}},"Bf+QjPnRYM1BOpkIEjtCj4Fzt61+uHF7NRSco5y27g50":{"chainKey":{"counter":0},"chainType":2,"messageKeys":{}},"Be6S84Q02BHYRuMwnfYOZE+s8oIUIV4UuPg8x7625rsO":{"chainKey":{"counter":1},"chainType":2,"messageKeys":{}},"BZa+1wkOb8AAl0fU2tNaACcjFPAf2xRLT5V80C4Nt1sE":{"chainKey":{"counter":0},"chainType":2,"messageKeys":{}},"BYy5Ol+P/EOQYShOT+2ZDQPw+4zhukPBpCCNGAKRmSYL":{"chainKey":{"counter":0},"chainType":2,"messageKeys":{}},"BTcBxbUKOKf2aqVObm/V6ucHPSF7x8huvNCcf2KCfBUE":{"chainKey":{"counter":0},"chainType":2,"messageKeys":{}},"BcJM1nvQV1dpOHushQARFJ50hhzUk5NzKf4a1Mrb3sxg":{"chainKey":{"counter":4},"chainType":2,"messageKeys":{}},"BYY96oMQg11WlBkC1/iDthB83rRYXtRrkq5589IIioBG":{"chainKey":{"counter":0},"chainType":2,"messageKeys":{}},"BbdHv5MUwM5isa0/xR5PWO7NLi2aR4NmqB312WsSC9Uk":{"chainKey":{"counter":0},"chainType":2,"messageKeys":{}},"BeHnXTNLh+Jh/hY4EUyYeeoD01cTc5jNjxHwLnlLxd8Q":{"chainKey":{"counter":0},"chainType":2,"messageKeys":{}},"BVLnBIa7comNSGkYue+EzZBE2bU1Cnbg7+u4lI00SCVv":{"chainKey":{"counter":1},"chainType":2,"messageKeys":{}},"BejgdIRd4AJm9XGpdLNmOPu6R0O3BY1rfE9fgkmPBv8M":{"chainKey":{"counter":0},"chainType":2,"messageKeys":{}},"Bfdb4+Kn+S0iTUCjRKGQXIi+5yiW3qrkO4qQNJc3V4QB":{"chainKey":{"counter":0},"chainType":2,"messageKeys":{}},"BTV37YXU2mOaLXR8qxlNgDu8z2QUUvLdgF+FEPIUab0E":{"chainKey":{"counter":0},"chainType":2,"messageKeys":{}},"BSCI8j10Zi52OcqgOW+EF7XIkMmXbLeACk8NrrHeG6lL":{"chainKey":{"counter":0},"chainType":2,"messageKeys":{}},"BYoWUit/FrH85lhgQfnVIK4EPkV4SeDTLwZ8xUNhcO42":{"chainKey":{"counter":0},"chainType":2,"messageKeys":{}},"Be7Jv/R8KaM1ErjCmNMArL5zOY5hk0XuJAXuyBgt/TIs":{"chainKey":{"counter":0},"chainType":2,"messageKeys":{}},"BcrcMszs8sburwzb2+Z6IuzK6IaupXzKFA9mVo2pZ1sb":{"chainKey":{"counter":0},"chainType":2,"messageKeys":{}},"BXxv+hBwZ/XlN48dpAuGGmMWi2LmcIn2sDTgZWUGCYZT":{"chainKey":{"counter":0},"chainType":2,"messageKeys":{}},"BVvoV4XGJj+6Bg8HdaE/10S9QfTXA5OLnoZKbd2pWogY":{"chainKey":{"counter":0,"key":"vLsi9iZtl15HVtdpHQmJukbjBwRo7Uzl0iysNv8elTM="},"chainType":2,"messageKeys":{}},"BbP1eEiONA8I/tnIdS4FI5nLbjV+vgSMdZF7lDcg22oo":{"chainKey":{"counter":0,"key":"JrmVHBTv+SP6KWXDEh0X/uWxxPYTAOpnKGzapOXveO0="},"chainType":1,"messageKeys":{}}}},"BZbPHlBq/9ZtgwXa5wopgkLD6iwcNgNOcuUPzIlrgol8":{"registrationId":465081740,"currentRatchet":{"ephemeralKeyPair":{"pubKey":"Bca0FOc7bTUlekyY15xxA2nTX8EpWmfgyLDGIw1jZr5Y","privKey":"WAs88ep6j4eIKUpRy8oyv50Cehgnnsvu8Cm10F4SD1A="},"lastRemoteEphemeralKey":"BXptYQxZK15dnRsrxoFDVt4foozncju4G90coNwqDfIZ","previousCounter":4,"rootKey":"XxI0mQZQv8s+F1i5WVj9WbhL1uhLuls/o946m7mlD+U="},"indexInfo":{"baseKey":"BZbPHlBq/9ZtgwXa5wopgkLD6iwcNgNOcuUPzIlrgol8","baseKeyType":2,"closed":1731854435228,"used":1731853444012,"created":1731852274220,"remoteIdentityKey":"BTJTwVnmLxykcAHHbLF0/sKe+nFAJshEarKo0B4EsMMb"},"_chains":{"BfAFWpyK9hDnBZn/lQSCuxK/89vrwzwH2chpCVApFAJf":{"chainKey":{"counter":0},"chainType":2,"messageKeys":{}},"BfZ2OZ7oVHya832BrVp/LkSGHW7+ol8d9dnwX6Mxrfp1":{"chainKey":{"counter":0},"chainType":2,"messageKeys":{}},"BRqYwCymY605gME8Eu36C32GqjBpgipqkrB99qvuabkv":{"chainKey":{"counter":0},"chainType":2,"messageKeys":{}},"BZWA+Q9eGyExSZymA/dv+3HSDN6Sognrw8/5Mv8QxEdk":{"chainKey":{"counter":0},"chainType":2,"messageKeys":{}},"BXptYQxZK15dnRsrxoFDVt4foozncju4G90coNwqDfIZ":{"chainKey":{"counter":1,"key":"fdMuKJu6tYHvRYMBMau1tpeS0VR3/9b++al+o8WjrXU="},"chainType":2,"messageKeys":{}},"Bca0FOc7bTUlekyY15xxA2nTX8EpWmfgyLDGIw1jZr5Y":{"chainKey":{"counter":5,"key":"qjgBGI2EGwkGhohl/IMwBd001NvfGq/mnhN012Or2w0="},"chainType":1,"messageKeys":{}}}},"BZxCW550iRTmHfCfCLFX8spZrmwDAwTwQQvl7UrPoa9D":{"registrationId":465081740,"currentRatchet":{"ephemeralKeyPair":{"pubKey":"BXYuXbAR75GkAPLN6Xwa40OG00MbBfvBKwGZPSBa2DJc","privKey":"4OzPEReHgvHsQYvWuy+SPCwbavBSOgHzJaU1ubLk3VI="},"lastRemoteEphemeralKey":"BZl5E+I01Uy+qz9SLLyoNj0Q/suVC+T2ZmGWVCM+5fB9","previousCounter":0,"rootKey":"IBFoJvftYWpQDmH0+1dK75w10t8rF2LrWRxNeJoe3VM="},"indexInfo":{"baseKey":"BZxCW550iRTmHfCfCLFX8spZrmwDAwTwQQvl7UrPoa9D","baseKeyType":2,"closed":1731920260874,"used":1731918931841,"created":1731854435235,"remoteIdentityKey":"BTJTwVnmLxykcAHHbLF0/sKe+nFAJshEarKo0B4EsMMb"},"_chains":{"BVq/rhoxYfqjPTgcQmDgtRFydvHXV9iG4q+mRH3qXlUz":{"chainKey":{"counter":1},"chainType":2,"messageKeys":{}},"BbWuYnzqH6eDGXqCnwn5EUTSliea6J63F+oG+HZ3JNRU":{"chainKey":{"counter":0},"chainType":2,"messageKeys":{}},"BRLxTb9x5fzhdDbJCDxI9Fe8ftWAN7LRkRTSwrp0ezJU":{"chainKey":{"counter":0},"chainType":2,"messageKeys":{}},"BYU5H+OY4wVZM3nPAVItymIeflStbUDdnPiuMBrZP6MX":{"chainKey":{"counter":0},"chainType":2,"messageKeys":{}},"BfZGGoKXLvj88sEaBehKNQiIbwEyuDEn/OSDo14UqOYZ":{"chainKey":{"counter":2},"chainType":2,"messageKeys":{}},"BUNPBQvkK9BN4G3N+6PXARUXxIFWaC3KB47pLnOEH1A1":{"chainKey":{"counter":0},"chainType":2,"messageKeys":{}},"BYW5JOl+Ztltt2cisjMXhsO8cIo04081hkSnKSaODLBX":{"chainKey":{"counter":0},"chainType":2,"messageKeys":{}},"Be4SsKiNoHZi+afANydhly1Q0VfwKouCl3gJjypnnF0m":{"chainKey":{"counter":0},"chainType":2,"messageKeys":{}},"BQ4wUXRTS1z8sVp8K/ILmEVGgY/GJOXiro5Z5+7UjJ1i":{"chainKey":{"counter":1},"chainType":2,"messageKeys":{}},"BThwRhT0/JCgUlL2Vu+w5ogwy60GHP4AcldGUNjfmKlW":{"chainKey":{"counter":0},"chainType":2,"messageKeys":{}},"Be8juVH902cAY9Lelz5uwJgu0vdxQCahxVr88eqanVtW":{"chainKey":{"counter":0},"chainType":2,"messageKeys":{}},"BZl5E+I01Uy+qz9SLLyoNj0Q/suVC+T2ZmGWVCM+5fB9":{"chainKey":{"counter":0,"key":"I6fFa1D3PSlWiM2Vvnr0VqpXxxiovTqaYKqYmrWWqNU="},"chainType":2,"messageKeys":{}},"BXYuXbAR75GkAPLN6Xwa40OG00MbBfvBKwGZPSBa2DJc":{"chainKey":{"counter":0,"key":"wTFmfbMdNoymEa0hOhP+uCTc3JXFD7XZ4l9mSXKO1Rk="},"chainType":1,"messageKeys":{}}}},"BQJ2+d7orY0ATSU/B72RcX8XpLM9Mnl142AsmKhyAMxI":{"registrationId":465081740,"currentRatchet":{"ephemeralKeyPair":{"pubKey":"BcvQNE2j4cure3m0a0y10x1w0uueJKJEksCDeRz0FFoq","privKey":"4Px7nFmowAZ4T4oVUbpPDGosmZkrDrSfqnWNwnkMMn8="},"lastRemoteEphemeralKey":"BSCv6hSOmuk8XRmUeAJ1cDeKc0n3BIs1yIbPmb+gO4l9","previousCounter":5,"rootKey":"Pfl05mSfXTCgbLdEX061sR7KQTYIrC4KS9G2AqmL2us="},"indexInfo":{"baseKey":"BQJ2+d7orY0ATSU/B72RcX8XpLM9Mnl142AsmKhyAMxI","baseKeyType":2,"closed":-1,"used":1731920541819,"created":1731920260876,"remoteIdentityKey":"BTJTwVnmLxykcAHHbLF0/sKe+nFAJshEarKo0B4EsMMb"},"_chains":{"BTZ5yOLbMen7/dnXz7DfbfBr6DUZwe8Dn0ZHuwUWK08Z":{"chainKey":{"counter":0},"chainType":2,"messageKeys":{}},"BSCv6hSOmuk8XRmUeAJ1cDeKc0n3BIs1yIbPmb+gO4l9":{"chainKey":{"counter":0,"key":"4JZRVrQ56H+eJBvpmLBHGhvk/RN2Jcn+BDlfP0nto78="},"chainType":2,"messageKeys":{}},"BcvQNE2j4cure3m0a0y10x1w0uueJKJEksCDeRz0FFoq":{"chainKey":{"counter":0,"key":"cmkMmmiiE3vMrQwLdu6CtBqAVbtzzXK50cLNngAfl6c="},"chainType":1,"messageKeys":{}}}}},"version":"v1"}