{"_sessions":{"BaWmr6dZo2kpq0EsT10bElIdju03ncXoMQuIY3VvEGhx":{"registrationId":19402690,"currentRatchet":{"ephemeralKeyPair":{"pubKey":"BfQ+vOGmlTlDi/97XQ96e5jKocNQo6Xn9GFpuHDf2rAU","privKey":"wDdKrkeyAR1FqKuQQkdZJVW8TMZcXWHLmy7oJ3PGykw="},"lastRemoteEphemeralKey":"BUPfDZb/GsmyJm2IYhwm41+1sRz8Na2CETr32gX5zCER","previousCounter":0,"rootKey":"RGD9ODQxZMpmZJ+bqaC9TMTgnjqx9jUZ+sv6REB4q5g="},"indexInfo":{"baseKey":"BaWmr6dZo2kpq0EsT10bElIdju03ncXoMQuIY3VvEGhx","baseKeyType":1,"closed":-1,"used":1729265561243,"created":1729265561243,"remoteIdentityKey":"BcSZlLqgoqHrQWzx/3ihhNNLxSU7h2hO/pYTx8KBFv02"},"_chains":{"BfQ+vOGmlTlDi/97XQ96e5jKocNQo6Xn9GFpuHDf2rAU":{"chainKey":{"counter":66,"key":"Re8u6INTufkvxstle0en8uuaQhMOu0kpdWVqv65YdG8="},"chainType":1,"messageKeys":{}}},"pendingPreKey":{"signedKeyId":10,"baseKey":"BaWmr6dZo2kpq0EsT10bElIdju03ncXoMQuIY3VvEGhx","preKeyId":9628407}}},"version":"v1"}