{"_sessions":{"BfpTzWCPoEP3/zrjJSdHZ6whog98k255CKa23HtjEuJ8":{"registrationId":2146874184,"currentRatchet":{"ephemeralKeyPair":{"pubKey":"BYCsbORoEXARrXS9NXjZ/Gm41P/E6M14stRZxLKHjXYz","privKey":"iPFMOhskjWmxVKcowNSRYVZwlNYz6BJ/D1EzOPWxPX0="},"lastRemoteEphemeralKey":"BZoACSBvIFgus8Ci+79wctqq3PCZcfPf6KnFHZtRg3J6","previousCounter":4420,"rootKey":"mU/LylHuyUAtMeP19MjrRdKHGfDOSa3rQB2gLF4dBLw="},"indexInfo":{"baseKey":"BfpTzWCPoEP3/zrjJSdHZ6whog98k255CKa23HtjEuJ8","baseKeyType":1,"closed":1731287990717,"used":1730109907268,"created":1729265795538,"remoteIdentityKey":"BeM8D5c8s2ryzOS9hz0pghl5AX8k+4tCJ1X8NKx/qEol"},"_chains":{"BWq2yKMZQqhZ5Ee7RdT58v0yAX9LGjdrdHAy+KZGeaFO":{"chainKey":{"counter":0},"chainType":2,"messageKeys":{}},"BSRMfzpwzU710A17hNF9+MGid1pxvNf7jDyW08NvUwBu":{"chainKey":{"counter":1},"chainType":2,"messageKeys":{}},"BWUPnIYvUR9UqV+fCCcv4Ol59dx6lxiY2BwJxdwxd85U":{"chainKey":{"counter":1},"chainType":2,"messageKeys":{}},"BfroO13NdEBOgBbDDBxoQYr4qO3VsidfxMoGwRpSuDpE":{"chainKey":{"counter":0},"chainType":2,"messageKeys":{}},"BU5Slv9EHNb2JwL7Fa7pQvjvhLoy0I5hqQotc0XuZjhn":{"chainKey":{"counter":0},"chainType":2,"messageKeys":{}},"BUacZckvCtKDiEGgvh29jpsinmBaJ6jdcoLC0ry4wOhe":{"chainKey":{"counter":0},"chainType":2,"messageKeys":{}},"BV/z0drYeGCzn9XNDvmJ1nGJmsaCzvonAF3gfDSXpS0e":{"chainKey":{"counter":1},"chainType":2,"messageKeys":{}},"Bcwc9Thl1Priw8L69Lzia55HIYvxu6L+8lkWWuGD+vhc":{"chainKey":{"counter":0},"chainType":2,"messageKeys":{}},"BVeOk7khXdnz26nEr5zs5u6etgaTJab+t2WWuB9nSZRj":{"chainKey":{"counter":1},"chainType":2,"messageKeys":{}},"BaCpwkJRrQXaXOXWtNS3+u35Rg0dGux/5nU5mJqtsXMd":{"chainKey":{"counter":0},"chainType":2,"messageKeys":{}},"BdfNKIo2syTkajZg9zZm3VxIvDPuwT6mbilogTH9CjRK":{"chainKey":{"counter":0},"chainType":2,"messageKeys":{}},"BZoACSBvIFgus8Ci+79wctqq3PCZcfPf6KnFHZtRg3J6":{"chainKey":{"counter":0,"key":"OLgX1XnGVXH2sU6i3CvPmHj6r6/ufFdL0dDrtvpdjl8="},"chainType":2,"messageKeys":{}},"BYCsbORoEXARrXS9NXjZ/Gm41P/E6M14stRZxLKHjXYz":{"chainKey":{"counter":170,"key":"CAVX5PSCb5hsOHNFDo2diQ+wvepFRCtHEHVunvTY1Zw="},"chainType":1,"messageKeys":{}}}},"BcKgGgye6IzQ4Rkg+VBI1JKuk+dX6IAJcNbaT5sDizFG":{"registrationId":2146874184,"currentRatchet":{"ephemeralKeyPair":{"pubKey":"BWOT5CJ2iGGUC2roUX2y3ScMkvuk6bQe8Q9YPp/t6Msp","privKey":"UIw/oA3EH4vNPAbBewm//LkXCgY+Cn4KB3Z5gXyJKUU="},"lastRemoteEphemeralKey":"BQaisEyXWnkDLAJrVi3IsCg/dnPofnTNWa9cn5MYIQUB","previousCounter":261,"rootKey":"W0kagItOOpjbOPQIO7IhXNm0ZZZMZNwwuDmqmBsmy/c="},"indexInfo":{"baseKey":"BcKgGgye6IzQ4Rkg+VBI1JKuk+dX6IAJcNbaT5sDizFG","baseKeyType":2,"closed":-1,"used":1731597739925,"created":1731287990719,"remoteIdentityKey":"BeM8D5c8s2ryzOS9hz0pghl5AX8k+4tCJ1X8NKx/qEol"},"_chains":{"BQoz9059enQwKB21vHAQBU+FlG317aazsZfL/ornzagT":{"chainKey":{"counter":0},"chainType":2,"messageKeys":{}},"BZIov/KuXKclsvbnFtZpDTVF2JMP3UGCF6s3JhmesIpI":{"chainKey":{"counter":0},"chainType":2,"messageKeys":{}},"BQaisEyXWnkDLAJrVi3IsCg/dnPofnTNWa9cn5MYIQUB":{"chainKey":{"counter":0,"key":"szaY4euqsC9zGYNQMLUuVLIPMZiBQXrM6ZDy23uQ7Ks="},"chainType":2,"messageKeys":{}},"BWOT5CJ2iGGUC2roUX2y3ScMkvuk6bQe8Q9YPp/t6Msp":{"chainKey":{"counter":346,"key":"BfmIk6KUs+YsKgGRpMB4Ua9CxPYvzzxQ05Cmsr+NLOo="},"chainType":1,"messageKeys":{}}}}},"version":"v1"}