{"_sessions":{"BRovIjmWGyntbpfMiQbJ2RVr7oSz+dfnFF3xkL4UVAgx":{"registrationId":11,"currentRatchet":{"ephemeralKeyPair":{"pubKey":"BQZloHdo4Ba4f8e8/iWe5ibkB94+xeoo0Mh36q5hWEFI","privKey":"QEvU0PZBoPvWP03DHKxi4koTfDyV7vNsSP7egK5gEGU="},"lastRemoteEphemeralKey":"BcubTtGCc2cbngD8nTHxCxA0tLon78Vh4Kk865c1xVsJ","previousCounter":1,"rootKey":"u01OUNiWx9Xxu8qlKlVU0u38GbS+FYGKRhG4cXqLPf4="},"indexInfo":{"baseKey":"BRovIjmWGyntbpfMiQbJ2RVr7oSz+dfnFF3xkL4UVAgx","baseKeyType":1,"closed":1730960766783,"used":1730959064246,"created":1730959063431,"remoteIdentityKey":"BR81KFDHfLZKwtHqHbW9YCG3t6vqbd0hnjJtlQ42MHN0"},"_chains":{"BcubTtGCc2cbngD8nTHxCxA0tLon78Vh4Kk865c1xVsJ":{"chainKey":{"counter":0,"key":"E07zfStCj4GMZ2d/hQ7/rx+ONkzV4Y1Tb8qHLZ6AwUc="},"chainType":2,"messageKeys":{}},"BQZloHdo4Ba4f8e8/iWe5ibkB94+xeoo0Mh36q5hWEFI":{"chainKey":{"counter":1,"key":"ZomBpfsbrBKKysXQKJMlFBjLceqAnlgW7Mv7BkVegU4="},"chainType":1,"messageKeys":{}}}},"BeEqFQP44VPm2wMw4hg2uIhFWb96DHrA79uO0z6HE3QE":{"registrationId":11,"currentRatchet":{"ephemeralKeyPair":{"pubKey":"BfQCeXPrcxFhhgd0CXmwbYYmRSO4wvJ5RRu6RqDVF/IW","privKey":"cLWn6YRLbxDgfJaPi63ucr4U8m0JggpfIvpRTH7cGl8="},"lastRemoteEphemeralKey":"BfHTv153ppLN4EvZ1qgftS2UrrBDUM/oCiddAp/JLZ0W","previousCounter":0,"rootKey":"UdEeI0FYxK5rBdVqON5JNmZUu5J396tanzy7CPAm2+M="},"indexInfo":{"baseKey":"BeEqFQP44VPm2wMw4hg2uIhFWb96DHrA79uO0z6HE3QE","baseKeyType":1,"closed":1730961346412,"used":1730960766778,"created":1730960766778,"remoteIdentityKey":"BR81KFDHfLZKwtHqHbW9YCG3t6vqbd0hnjJtlQ42MHN0"},"_chains":{"BfQCeXPrcxFhhgd0CXmwbYYmRSO4wvJ5RRu6RqDVF/IW":{"chainKey":{"counter":1,"key":"r2aDR8kocADbU1cfZWKa8ylWKYTsMD5yruCBnQi4aiQ="},"chainType":1,"messageKeys":{}}},"pendingPreKey":{"signedKeyId":1,"baseKey":"BeEqFQP44VPm2wMw4hg2uIhFWb96DHrA79uO0z6HE3QE","preKeyId":33}},"BZMMOa0vfAkewRICl6zX08G+9w3XxXA4V7l/RZ+ArORu":{"registrationId":11,"currentRatchet":{"ephemeralKeyPair":{"pubKey":"BZGUsKWJfwMkjKZxNaiOiErsFJo+CDs1zJOFZ5V0ZOs7","privKey":"6L+ux3RcFM75JvGRFXSGjpC4ZEdSHEgo3xsZQb3Xg08="},"lastRemoteEphemeralKey":"BfHTv153ppLN4EvZ1qgftS2UrrBDUM/oCiddAp/JLZ0W","previousCounter":0,"rootKey":"LT6EIx/l13xAW0VJEqnP4zGoYU++3vC8dK+u+gFXCEM="},"indexInfo":{"baseKey":"BZMMOa0vfAkewRICl6zX08G+9w3XxXA4V7l/RZ+ArORu","baseKeyType":1,"closed":1730961628736,"used":1730961346408,"created":1730961346408,"remoteIdentityKey":"BR81KFDHfLZKwtHqHbW9YCG3t6vqbd0hnjJtlQ42MHN0"},"_chains":{"BZGUsKWJfwMkjKZxNaiOiErsFJo+CDs1zJOFZ5V0ZOs7":{"chainKey":{"counter":0,"key":"DNX1L50cT9gLOBuBz1CAZlz5ExY51DgMoUJl2qaSuYE="},"chainType":1,"messageKeys":{}}},"pendingPreKey":{"signedKeyId":1,"baseKey":"BZMMOa0vfAkewRICl6zX08G+9w3XxXA4V7l/RZ+ArORu","preKeyId":39}},"BbrCkon0ChvWiMMA5GD4So+9ou0QCabm/WU3LkoroWNp":{"registrationId":11,"currentRatchet":{"ephemeralKeyPair":{"pubKey":"BamgtqWt5qYKVf/wQ9oqob/p14bDPILyj5J3xlk15lFg","privKey":"mHYZ1PRbxin6P+atZmm+PBCCdCOLWzOVXpLpA6duhn8="},"lastRemoteEphemeralKey":"BfHTv153ppLN4EvZ1qgftS2UrrBDUM/oCiddAp/JLZ0W","previousCounter":0,"rootKey":"WbRBKZUnjh+q9AKwVQcIBuj0D1BkADPL5HRLMUtd8Fc="},"indexInfo":{"baseKey":"BbrCkon0ChvWiMMA5GD4So+9ou0QCabm/WU3LkoroWNp","baseKeyType":1,"closed":1730967412600,"used":1730961628733,"created":1730961628733,"remoteIdentityKey":"BR81KFDHfLZKwtHqHbW9YCG3t6vqbd0hnjJtlQ42MHN0"},"_chains":{"BamgtqWt5qYKVf/wQ9oqob/p14bDPILyj5J3xlk15lFg":{"chainKey":{"counter":0,"key":"AeFGd/B6oiOzyjZlES9SjCjZk2U2CMQnmGx1AE8Lfm8="},"chainType":1,"messageKeys":{}}},"pendingPreKey":{"signedKeyId":1,"baseKey":"BbrCkon0ChvWiMMA5GD4So+9ou0QCabm/WU3LkoroWNp","preKeyId":46}},"BamozsYFUXmvsDR8hXYUsq8YllqCGKwDJ2WseGIi+ZBR":{"registrationId":11,"currentRatchet":{"ephemeralKeyPair":{"pubKey":"BdpxEN00YXsNtYUY2YhG0KQWmdLiXkr3ZyP2qUW/+xNQ","privKey":"uLPVOxavbaL0rNB7vecufn8+hE8GkSlRw6QXzqWypF0="},"lastRemoteEphemeralKey":"BfHTv153ppLN4EvZ1qgftS2UrrBDUM/oCiddAp/JLZ0W","previousCounter":0,"rootKey":"FHpHyIhZvBzcauxp75wU5qPm5rgOJHUwQTcYfD3Yyjo="},"indexInfo":{"baseKey":"BamozsYFUXmvsDR8hXYUsq8YllqCGKwDJ2WseGIi+ZBR","baseKeyType":1,"closed":1730967657433,"used":1730967412590,"created":1730967412590,"remoteIdentityKey":"BR81KFDHfLZKwtHqHbW9YCG3t6vqbd0hnjJtlQ42MHN0"},"_chains":{"BdpxEN00YXsNtYUY2YhG0KQWmdLiXkr3ZyP2qUW/+xNQ":{"chainKey":{"counter":0,"key":"2Nrl2/YDfvf2LGL5S5sMXC1MgfU7bo6Fxo0ZQmNj6BM="},"chainType":1,"messageKeys":{}}},"pendingPreKey":{"signedKeyId":1,"baseKey":"BamozsYFUXmvsDR8hXYUsq8YllqCGKwDJ2WseGIi+ZBR","preKeyId":79}},"BWXtMPKFjqvXncHODn3+I5gB1lSBbCtPCdmrtoqdxEl8":{"registrationId":11,"currentRatchet":{"ephemeralKeyPair":{"pubKey":"BYnzG4c6FP4uuNaklnqea9zSE8jsL74vhb3ZVKgVDjcT","privKey":"EF5Z+X/y9OAiwaynGftT2ST4UeSS/hufEh52IAfPz14="},"lastRemoteEphemeralKey":"BRYzin5IdaRXsm2mYJbN3CjAUsWUsbGtU6NQK2l4HCIA","previousCounter":0,"rootKey":"jPNPeK72+QUpb3nzvLKI3/HIdsfKsxObGcq36MZz+Y0="},"indexInfo":{"baseKey":"BWXtMPKFjqvXncHODn3+I5gB1lSBbCtPCdmrtoqdxEl8","baseKeyType":1,"closed":1731049608078,"used":1731044324792,"created":1730967657164,"remoteIdentityKey":"BR81KFDHfLZKwtHqHbW9YCG3t6vqbd0hnjJtlQ42MHN0"},"_chains":{"BcxvVKgfQ15LHaZYqRXv9oKADAGTpSdAKHSZsVxr1GFN":{"chainKey":{"counter":0},"chainType":2,"messageKeys":{}},"BQJKnu9uaFaow8thuEvyNG7qEQ0Xyb87cLqCXc+PTrp1":{"chainKey":{"counter":0},"chainType":2,"messageKeys":{}},"BRjPBAVN+pGXeDlg+6yWvoVhdsAOrW/FO5WTdA0YBFpO":{"chainKey":{"counter":0},"chainType":2,"messageKeys":{}},"BYS0aDG4n5vg/blnB/7UWCUzabkt2CWo8eZ0xXrz8qph":{"chainKey":{"counter":0},"chainType":2,"messageKeys":{}},"BYkCkvhn947quxvaBanu736FFB555QM5z2ZRH+Mdc3Zy":{"chainKey":{"counter":1},"chainType":2,"messageKeys":{}},"BVtuIcIli2TJixydWsWg630XMoUJV7xZjFQBoStfXbcm":{"chainKey":{"counter":0},"chainType":2,"messageKeys":{}},"BaBOoVpRwxpTLyfqKWXGWpqmZnAgC6/ffLaY5ZA2K5YO":{"chainKey":{"counter":1},"chainType":2,"messageKeys":{}},"BRYzin5IdaRXsm2mYJbN3CjAUsWUsbGtU6NQK2l4HCIA":{"chainKey":{"counter":0,"key":"tJqWuY1hKk2ABdC4fzWOX81XvMCScLrkFlXOoFNEYyg="},"chainType":2,"messageKeys":{}},"BYnzG4c6FP4uuNaklnqea9zSE8jsL74vhb3ZVKgVDjcT":{"chainKey":{"counter":4,"key":"cu44iDWY+VR2Wjn/7oYvMsVu0O9p+Yn/Lp4raOcNNnE="},"chainType":1,"messageKeys":{}}}},"BarPi88A4OdWaKuRLEGVgvpOyT/SCjXxvMKXNPKhk4d0":{"registrationId":11,"currentRatchet":{"ephemeralKeyPair":{"pubKey":"BXUXEhg4iquqv73pJwmMUy1IREct8V3CjZMqWjCwfDVl","privKey":"kFt2/lPFtqjKs119IPF5bCdhGh+1BPvVKPZQKh/VkEU="},"lastRemoteEphemeralKey":"BSMK9Mr2aLblt4u+f0kp0uYSPPxpSknkOwqcx91RqVdE","previousCounter":6,"rootKey":"V8qgQaIQORSAD9zFIX+QPppr+hZ42cQuGGLFvDQYDuE="},"indexInfo":{"baseKey":"BarPi88A4OdWaKuRLEGVgvpOyT/SCjXxvMKXNPKhk4d0","baseKeyType":1,"closed":1731128761317,"used":1731052676197,"created":1731049608070,"remoteIdentityKey":"BR81KFDHfLZKwtHqHbW9YCG3t6vqbd0hnjJtlQ42MHN0"},"_chains":{"BSMK9Mr2aLblt4u+f0kp0uYSPPxpSknkOwqcx91RqVdE":{"chainKey":{"counter":0,"key":"fgXnU/tEgyyU2AgWS9lirHn1yldvKX+mlP909KbLCFM="},"chainType":2,"messageKeys":{}},"BXUXEhg4iquqv73pJwmMUy1IREct8V3CjZMqWjCwfDVl":{"chainKey":{"counter":54,"key":"DhO3plGECjDdFn1BrTHx6XqzaNRA43BBu3H3jkAwSc8="},"chainType":1,"messageKeys":{}}}},"Baw8W2XCVhvnEPpYuiz91WoztJD0ECw2bpAINzLHwNF1":{"registrationId":11,"currentRatchet":{"ephemeralKeyPair":{"pubKey":"BeOx0wCqMEmd25PyAfaJn+Oe//UyXZKSkA39w7TOk0lZ","privKey":"OOD7IwBGC/ALVWUyFDxkR7xD/JeK4wurrrDLXrJhV3k="},"lastRemoteEphemeralKey":"BcD4hS6+8A8XCgFgC407hEgUFYg6xDNR2zhGYpIF7o8l","previousCounter":0,"rootKey":"nPmlTejJn0UiMp0R/02U2CvyyIR6oblQbwQx5hXfwu0="},"indexInfo":{"baseKey":"Baw8W2XCVhvnEPpYuiz91WoztJD0ECw2bpAINzLHwNF1","baseKeyType":1,"closed":1731507575504,"used":1731426441073,"created":1731128761310,"remoteIdentityKey":"BR81KFDHfLZKwtHqHbW9YCG3t6vqbd0hnjJtlQ42MHN0"},"_chains":{"BX4HPtyTv545HfzG3iXYEsLzdheyGJ11ncgw4FNBWZ1o":{"chainKey":{"counter":0},"chainType":2,"messageKeys":{}},"BY+BPs0/22GLXMSxON6pcOL/JrjD30TGHNnHdCvlDQ5W":{"chainKey":{"counter":0},"chainType":2,"messageKeys":{}},"BffbPB1/7mFnSDnwIP3HTHkWhMzrrXsn80QVRQuF/mQq":{"chainKey":{"counter":0},"chainType":2,"messageKeys":{}},"BUsvmOPHY+0EjDVatREcL9IcWpUqb8wLZrRwEPybo84T":{"chainKey":{"counter":0},"chainType":2,"messageKeys":{}},"BSUZL0T1YpzmgGnGnDjEaLCf7z4xC3h0hnPU0qLbgkcj":{"chainKey":{"counter":0},"chainType":2,"messageKeys":{}},"Bb0Qipa65ULpr2FkbjXQjwvU4xHfUcd9k1cl8Dnvbk4j":{"chainKey":{"counter":0},"chainType":2,"messageKeys":{}},"BXW9W1NqC9F2uoWbDjVSxS5tpTao5kbmWaCJYtFVvwVj":{"chainKey":{"counter":0},"chainType":2,"messageKeys":{}},"BeXV2Fu2QveVoYGdIChpEKnt7qODISit1t5te0YZC1Jr":{"chainKey":{"counter":0},"chainType":2,"messageKeys":{}},"BTpL8g+knlbBuwHm4WXkjDTCKUpaxN8FPZmujlsLSY4B":{"chainKey":{"counter":0},"chainType":2,"messageKeys":{}},"BWF7Trvo+sDqPXkh2nMLHpo9WuXaLcSZxmWL1KvVvWIA":{"chainKey":{"counter":0},"chainType":2,"messageKeys":{}},"BcG+eb+jUcCpGyQfLpArA+9Rq/iLkNTpaKEBiAqB6A8J":{"chainKey":{"counter":0},"chainType":2,"messageKeys":{}},"BenBEv+dzJRn4hUgcHomu8lZAREWPMW/AgkTi016rf57":{"chainKey":{"counter":0},"chainType":2,"messageKeys":{}},"BdISEMZMkYKjc/OJ1aZMiZgKPbdNQ029Wsol2afR26xf":{"chainKey":{"counter":0},"chainType":2,"messageKeys":{}},"BbFzPbrUY8RQNDolk9lDaeEJezDeOqRpDheBrx1PIwBf":{"chainKey":{"counter":0},"chainType":2,"messageKeys":{}},"BZr9Djl1SyF/x9bu8fPw1wz6flb+Baanm1JP+9CjeG9T":{"chainKey":{"counter":0},"chainType":2,"messageKeys":{}},"BdsdPQ8rKoIrh+CsG58De6FxmZaczHMrdfnwcbPyIyt9":{"chainKey":{"counter":0},"chainType":2,"messageKeys":{}},"BYQ5XTmEnHWIHo++zSmy9mYz8oQKzbDigopwo5TMwtwz":{"chainKey":{"counter":0},"chainType":2,"messageKeys":{}},"BeeSSTfCSv4cyO19aNIDvCIh5b3LT/wS2OyUlyMueddI":{"chainKey":{"counter":0},"chainType":2,"messageKeys":{}},"BTuX2g81diQdPC0pNlfVEauwtyh18Ejx6tkxuO7xe8Q4":{"chainKey":{"counter":0},"chainType":2,"messageKeys":{}},"BT4Q/tMBi7rIjalsqFN9NpouDQhfZft9DwwbJiOM1fku":{"chainKey":{"counter":0},"chainType":2,"messageKeys":{}},"BVVG53LMrAN7GH0XVonytHG60ghtTzWL9FdunVJX3KQu":{"chainKey":{"counter":0},"chainType":2,"messageKeys":{}},"BUquCeb+5zS6KCK+sRGTKcls6Qzle3thUYc9Oe7O4JYT":{"chainKey":{"counter":0},"chainType":2,"messageKeys":{}},"BXA44fpqTX+lktEby6qWB7Qgj7b4dnB9hcLqmImbqe1T":{"chainKey":{"counter":0},"chainType":2,"messageKeys":{}},"BeaBIxHSYZ0Sf52WGDwrZm/TSaR7papYwZHZqRuFTTEx":{"chainKey":{"counter":0},"chainType":2,"messageKeys":{}},"BZJcnDTlZZMhMDU5rfpItEu9cM/t25XB00z8JhBSHnYb":{"chainKey":{"counter":0},"chainType":2,"messageKeys":{}},"BZLBMqEjRbcpyi7KNnikzxWMTZD6ZSi4oB2PzGZeO90B":{"chainKey":{"counter":0},"chainType":2,"messageKeys":{}},"BcYj/huoPHyaPOGxu7uV7LUrvR+4M+pbs4sMum3Umqpt":{"chainKey":{"counter":0},"chainType":2,"messageKeys":{}},"BT0MQOaKOSF+nWVLMXOnS/scnzeeHJLXcezzEqrm7PcK":{"chainKey":{"counter":0},"chainType":2,"messageKeys":{}},"BbubVTW0PsQRwr11EfeL1jotlD29D2H+v/jqNZA+GSJM":{"chainKey":{"counter":0},"chainType":2,"messageKeys":{}},"BVnVZdJOFa/TyscGyt4pvFSU6sDfK+3Q1L5rzo6CWwg0":{"chainKey":{"counter":0},"chainType":2,"messageKeys":{}},"BbatTkxnZ9Onlu5dWtSNES44bUh+2ZBIhnNorEEhiD5G":{"chainKey":{"counter":0},"chainType":2,"messageKeys":{}},"BTHBD+wmz+WArDGQUuzbaTDsNJyFwys7RQYXtu8FyGZK":{"chainKey":{"counter":0},"chainType":2,"messageKeys":{}},"BStO6/2Sju6sMWIyDEFgsj/f/rTZxuCvkdmm4oYbXZlI":{"chainKey":{"counter":0},"chainType":2,"messageKeys":{}},"BVJv4A0f6kWtOMo2yCyPOIBG8Tbz3KL6T2uTpZUJN69B":{"chainKey":{"counter":0},"chainType":2,"messageKeys":{}},"BURRSXMmxvoETtwyWaFSmwBB/vLXtFD/KjYJislvhA8f":{"chainKey":{"counter":0},"chainType":2,"messageKeys":{}},"BdrTRd0rHuhf8b+8qF6cPHTWn3qxfoh2Pu8TYPrMG5Nl":{"chainKey":{"counter":0},"chainType":2,"messageKeys":{}},"BSsq1f9fYX3msgtbJTkL2Hg2p5vVayK9kI3m5lFLq+N6":{"chainKey":{"counter":0},"chainType":2,"messageKeys":{}},"BQWBx6YNcOg9fFkKUmNQMXbSGpJBYHmKyPx1Un9tbaUN":{"chainKey":{"counter":0},"chainType":2,"messageKeys":{}},"BfDuJCl2l5HNQJtQNBCwhJXRbJPGL5AWWyDrikTaNC5b":{"chainKey":{"counter":0},"chainType":2,"messageKeys":{}},"BWzIAhmVDCKg/tfZ0Eq9eD0tvo/viGf4agPHThkItWhs":{"chainKey":{"counter":0},"chainType":2,"messageKeys":{}},"BbtkR6KSCCUMv0ST2a+sqXVJ45WelQ1KYjzfy7NA8Ww6":{"chainKey":{"counter":0},"chainType":2,"messageKeys":{}},"BdsP8WGRVOVzY3GWSG2kwKFiJDVUxBhaE00+rkqj9aAx":{"chainKey":{"counter":0},"chainType":2,"messageKeys":{}},"BfV1EsvkwdoQ6MMcBBB+dyUSDBR3sZfhhV/Kohjwfhk3":{"chainKey":{"counter":0},"chainType":2,"messageKeys":{}},"BU+9WIPMUBNAJ+bfCuSFuLkYFX+lFV/1D1cSY7HqYxcX":{"chainKey":{"counter":0},"chainType":2,"messageKeys":{}},"BYkz/ImTcOESNxxHrzrXeiuxVjlV6szBfbZaL+Ir8KJy":{"chainKey":{"counter":0},"chainType":2,"messageKeys":{}},"BewCf5Lh/Tp9tifUMq4R2G6KwwmbsUDgaxGuWWsUqddy":{"chainKey":{"counter":0},"chainType":2,"messageKeys":{}},"BXSDiLGYHnRwJQZMEhC6Lwg1i+DeZ3PngPL768GDC05e":{"chainKey":{"counter":0},"chainType":2,"messageKeys":{}},"BSbO7I87FuB96uCki4GV3iLNzunBm7b18PNFWCFA/Q9i":{"chainKey":{"counter":0},"chainType":2,"messageKeys":{}},"BWuLD6nukC5Nwnl7nEcoB4Agh+ZzcUET4R4dlzA91ZcX":{"chainKey":{"counter":0},"chainType":2,"messageKeys":{}},"BWSNDE/VSaVy8N5GcMyQKYJ3EN+/kqbXoWjL7K4B9slZ":{"chainKey":{"counter":0},"chainType":2,"messageKeys":{}},"BWCkI9rmUlaTIl43zgBzPe1awRcG9T+QWmvmbFlDKTM0":{"chainKey":{"counter":0},"chainType":2,"messageKeys":{}},"BfgzF419PUQx4kDMDOu+zyDx8pwmY11Xr5VKMuzgi2BR":{"chainKey":{"counter":0},"chainType":2,"messageKeys":{}},"BYctAsOpUqpYf0iFa0Xnz25t6RtqDi1zXdm20ue70+JO":{"chainKey":{"counter":0},"chainType":2,"messageKeys":{}},"BTFL521f6PYNbLQJNY33yMINNBd3Ivp29eIG4nAz71dx":{"chainKey":{"counter":0},"chainType":2,"messageKeys":{}},"BVlFOel8IlUpydu/ynkLxdsCRBhCJQ9AT3gQx2uE3FQb":{"chainKey":{"counter":0},"chainType":2,"messageKeys":{}},"BY5XN50STmkpizuZOGE+aHQj/8GGSzgjMjrpUHGm/opy":{"chainKey":{"counter":0},"chainType":2,"messageKeys":{}},"BQJprNKkQtJo1a/fmyXsNQdJ6qEuJUoV96sE+XMNtYc5":{"chainKey":{"counter":0},"chainType":2,"messageKeys":{}},"BdrdBHGymlUGyD0cgbkbU/mONB+Ecc6uFEAo3ig3GLNJ":{"chainKey":{"counter":0},"chainType":2,"messageKeys":{}},"BTXdHBkYJCH2RoNtX/OmAHLKLaTEY0AnEccmyI5LvWU2":{"chainKey":{"counter":0},"chainType":2,"messageKeys":{}},"Beoh52lgqMSx+VmtSi6OmguOWoQIe274BqFbUEDyuEl6":{"chainKey":{"counter":0},"chainType":2,"messageKeys":{}},"BVh8jkS/6yzE3RLEvX3KKvIVDnl+U/eMyQKSQuyhYxwc":{"chainKey":{"counter":0},"chainType":2,"messageKeys":{}},"BVvj1LB0qMNvlKSZszspNS2LyPH1IGY0/MvkpFw0p4sp":{"chainKey":{"counter":0},"chainType":2,"messageKeys":{}},"BdD0pv5FPLJI2Bvg1G+joZKG+LR9Iop07GHhdohID/gu":{"chainKey":{"counter":0},"chainType":2,"messageKeys":{}},"BcyvVJWDX0LzMKU4cwriTQKlrlraclry1LQ7OE7hVLMw":{"chainKey":{"counter":0},"chainType":2,"messageKeys":{}},"Bfghke6IgnxuEygO4cr50tcSBopmthQaPQODSOI63acC":{"chainKey":{"counter":0},"chainType":2,"messageKeys":{}},"BbDNu93BcJ5j1msM0pXuo5Bjkurlv2TTIuV35CI1VUkC":{"chainKey":{"counter":0},"chainType":2,"messageKeys":{}},"BRcuypjao+iBxG6nwe9MXjnoru66Eb7okAdETEoy1flS":{"chainKey":{"counter":0},"chainType":2,"messageKeys":{}},"BUYYzN298gX+2wJ78ev6N1nxafjZoNjj3xxvhwcRhiY7":{"chainKey":{"counter":0},"chainType":2,"messageKeys":{}},"BXRVPYY2mlUfC960AUVr4lwMK+mBI+JUoPB6txHD76lE":{"chainKey":{"counter":0},"chainType":2,"messageKeys":{}},"BSIP4AjM8NOT52lBIp5QouugkxoEE8z8QIaIMWt2NQQz":{"chainKey":{"counter":0},"chainType":2,"messageKeys":{}},"BcwhVsZMGrLeqin84qODbLXFeFvPWN9RxIrjhpsv0PI5":{"chainKey":{"counter":0},"chainType":2,"messageKeys":{}},"BeIpwv7adVbjhLbKL2la/JtBy3SIoHinjtl0Ms0FZ50W":{"chainKey":{"counter":0},"chainType":2,"messageKeys":{}},"BZrODDGsl9QteE1o4Tuk7htWdZa1FLQEmZS/8JBZWg8i":{"chainKey":{"counter":0},"chainType":2,"messageKeys":{}},"Bb1877y7gRH7gZr32GgqtIl3k2sXjxPBHHmr3P4DEUwJ":{"chainKey":{"counter":0},"chainType":2,"messageKeys":{}},"BRWyqtDNsr/+wk/oBo/cn+VA+B0vrlXGLsEVz7EGWekN":{"chainKey":{"counter":0},"chainType":2,"messageKeys":{}},"BelPKoUZV6hFv70wQQhZ9cd80Yc+gr/ulJ+PHUWeNAwT":{"chainKey":{"counter":0},"chainType":2,"messageKeys":{}},"BT3i13Lew7VFxTZsthWki55BlJYmeHcpDyhX6qyXGpYS":{"chainKey":{"counter":0},"chainType":2,"messageKeys":{}},"BXYezM186i/ohOShxnvGoQh9/Dp+lLhCNXYcLFr0eOx1":{"chainKey":{"counter":0},"chainType":2,"messageKeys":{}},"BSkSUVt3T6A6/SqU89w+Jsi/OjI2OhskHozKh/SkEH1H":{"chainKey":{"counter":0},"chainType":2,"messageKeys":{}},"BSitlF0WxBDf6KxI7UaA89+iP5NhYmVlYcqLrYrme+w/":{"chainKey":{"counter":0},"chainType":2,"messageKeys":{}},"BcIti+Iv1R+VUOf5+8Qdmhye+6sgO9WGaYuYCpNyuB8Z":{"chainKey":{"counter":0},"chainType":2,"messageKeys":{}},"BVzdFb0a0Yrr4KB0if70mq0sDuzODWaFQKS9nICWtkx2":{"chainKey":{"counter":0},"chainType":2,"messageKeys":{}},"BaIvt0AnRrAjUhWlrfhT2B5SKv2byr49Qc1R1OYSOB4a":{"chainKey":{"counter":0},"chainType":2,"messageKeys":{}},"BUBiay6LscDXAad8K7/zL+yIyC0elHnU7ObjC5jDi/Q+":{"chainKey":{"counter":0},"chainType":2,"messageKeys":{}},"BbrrazOyOpPWYa6hbK7RaSotNm/J9N5bEwcZJZ9YG2oF":{"chainKey":{"counter":0},"chainType":2,"messageKeys":{}},"Bcsg02olkFjyTcvjIUUonSvnv0CwN9YI5JxnSueDmKUw":{"chainKey":{"counter":0},"chainType":2,"messageKeys":{}},"BfypmfYiqkL0wPFRVjazYEZEbSLfWWXDTCnZ3+ZY5ZBw":{"chainKey":{"counter":0},"chainType":2,"messageKeys":{}},"Bbb24BiJM0wZpM6PUFeX/2DHhBTbX8q9PH5Luypp5OgJ":{"chainKey":{"counter":0},"chainType":2,"messageKeys":{}},"BUc5yyDhw2TaUjct4Z106oDTmDA/Q5YBBTT16sFkSR9d":{"chainKey":{"counter":0},"chainType":2,"messageKeys":{}},"BSRA2mOTOuIOE6D55XnSM9DfamVVobhJ9X3Mk7aBZdp+":{"chainKey":{"counter":0},"chainType":2,"messageKeys":{}},"BaD9UiYU5qYo+bD2sixs14nz+5p9fRwuse6XS1ZkbZp8":{"chainKey":{"counter":0},"chainType":2,"messageKeys":{}},"BbU5/ZQX/A3D7CQj00sZvoBRV3MnoJUMEUlfTbvXngVI":{"chainKey":{"counter":0},"chainType":2,"messageKeys":{}},"Beu8HUs02dydq8k2/Vp6N9oPkLKG7OwMbKmoom3qWf1/":{"chainKey":{"counter":0},"chainType":2,"messageKeys":{}},"BVYc1osxt9pVi6BsNACQBxRuQ69oYtqrlQBHi9LkdZIU":{"chainKey":{"counter":0},"chainType":2,"messageKeys":{}},"Bc0K4qvD5b368KDIgW5xw2UQ0k0YJYNInekLGEQid893":{"chainKey":{"counter":0},"chainType":2,"messageKeys":{}},"BayI8WFpVavLwp5PgMGVSi6EXrhz+fMS3cy6zMx6FF5g":{"chainKey":{"counter":0},"chainType":2,"messageKeys":{}},"BbCczbOA0qMrdgZh9GAfdPhpwTLxpE1LuiISfxD5bwtd":{"chainKey":{"counter":0},"chainType":2,"messageKeys":{}},"BWb50Xx99e7yglcHCSZApkzRid5rkbH3HxSB9S2bDf9l":{"chainKey":{"counter":0},"chainType":2,"messageKeys":{}},"BW10SPEcvUXVqfTA7Teh24jbI1bzGOcv7QknxVjsfN8U":{"chainKey":{"counter":0},"chainType":2,"messageKeys":{}},"Bbpf5+2qga2Sd23sDBJ4DblR2kplo9VVDB118m2t4mxE":{"chainKey":{"counter":0},"chainType":2,"messageKeys":{}},"BV2P93KtkKdJkGauZ4xzWaztkO81VIjWFZG1UeArAVMd":{"chainKey":{"counter":0},"chainType":2,"messageKeys":{}},"BUx04+NyhaOEg4k0hXmn7wcaZjIC3HXoZEuwxJDRVTFE":{"chainKey":{"counter":0},"chainType":2,"messageKeys":{}},"BWoYTEAchR06P8xE40Ki6rLhZVoALcjsgHE4hAr7P5h2":{"chainKey":{"counter":0},"chainType":2,"messageKeys":{}},"BVmynnQ6KjzlLSy3MNpZxjsoyxiZlqF2e5rTPPkmvc8/":{"chainKey":{"counter":0},"chainType":2,"messageKeys":{}},"BXFtC+j+2pcf4GgXQCtMTob5mWyRu8sOU1Vy8Qk85Pgm":{"chainKey":{"counter":0},"chainType":2,"messageKeys":{}},"BeNuW5Z2Q3qMJ3qG/vaNfoM+gm/xxu3Opa9HQTMLnjpP":{"chainKey":{"counter":0},"chainType":2,"messageKeys":{}},"BbtShAFo3XBehSwCIIkOetVvcfI4q8qkX/rLZEe9nUZ7":{"chainKey":{"counter":0},"chainType":2,"messageKeys":{}},"BdRVTKAmVO3+Ao3i107j4epyOTFNAQwJgLD6w+oHbmwo":{"chainKey":{"counter":0},"chainType":2,"messageKeys":{}},"BaeokDxbYW8ch7VrKvUPTQ9cK1smH6/yMi3INO481g4j":{"chainKey":{"counter":0},"chainType":2,"messageKeys":{}},"BRJH4xR3qKyCQeWOTiGSnJOAduCFV5LXqCFrk0hhYDt2":{"chainKey":{"counter":0},"chainType":2,"messageKeys":{}},"BZWH579f3ao0sDG2NoZYqWOuZq54foxgDv7g05Q9Z+sn":{"chainKey":{"counter":0},"chainType":2,"messageKeys":{}},"BQVoSBWtIUTeWGfDZ9gR7sMXiTwHou5POKkBrZ2E0N9W":{"chainKey":{"counter":0},"chainType":2,"messageKeys":{}},"BWj7LLWjJdbF9tFYWsottMHt9sRGnvN1w9OQL/+mQb0m":{"chainKey":{"counter":0},"chainType":2,"messageKeys":{}},"BZpzAzOqYGbSY5oJe8h95Cu53w9fXioW63TyRUpmpzcP":{"chainKey":{"counter":0},"chainType":2,"messageKeys":{}},"BTc1ubBzYvsjXpoYzkR6sBzKZPiMz2cJC1Xe+knzAR0b":{"chainKey":{"counter":0},"chainType":2,"messageKeys":{}},"BVazELYweLPisRUUhA0y52IIsbcsnfxsx2V6fgwqG9B4":{"chainKey":{"counter":0},"chainType":2,"messageKeys":{}},"Ba8EmNusS7H4TQDgxzUgi98h2a6TOx3Pojhnri+0acgg":{"chainKey":{"counter":0},"chainType":2,"messageKeys":{}},"Bbk45qaaXKEacUJONfG6VX/hbzWVKbdvfzhcbIYTAzEE":{"chainKey":{"counter":0},"chainType":2,"messageKeys":{}},"BbymUt3o2Kq/ArWb8ysmFYFES593eqSZDV7HinA41p4v":{"chainKey":{"counter":0},"chainType":2,"messageKeys":{}},"BfeqCesFjEZ+XZR7w0Z4naO4m67/vO1rWqd5/wHkO0M3":{"chainKey":{"counter":0},"chainType":2,"messageKeys":{}},"BaEPQujkaH6IDpdrfUR00Bz/YGSXLBK2r+MRh788De4G":{"chainKey":{"counter":0},"chainType":2,"messageKeys":{}},"BaB6/xyxabfMXSn5RbggnL4tj13D3oFqcKirQE2DHe9R":{"chainKey":{"counter":0},"chainType":2,"messageKeys":{}},"Ba5CBlC5bV2y8oTKj6biuLmmHBHLiqlURpCHXbqy8JVs":{"chainKey":{"counter":0},"chainType":2,"messageKeys":{}},"BXayNjau+xKgrOUAdhnLScXipA7YBjs26JUZG/G01chS":{"chainKey":{"counter":0},"chainType":2,"messageKeys":{}},"BTTRUAk71IovKpT8bv8+yUzoJ8m7sj+5W9e0HT9l5fRK":{"chainKey":{"counter":0},"chainType":2,"messageKeys":{}},"BcDXF0Z+qW4UsHuJ9vHv9csIheb3knbkBmkYUIlmlDEF":{"chainKey":{"counter":0},"chainType":2,"messageKeys":{}},"BSUfC0m8zE1TAdeGpBY9KBoxFtQqmtRGZNExHreXSJ9O":{"chainKey":{"counter":0},"chainType":2,"messageKeys":{}},"BbIvifCx6vMxeBYyPwHdbcjvcTPcIBooOg0pvYlZlrlS":{"chainKey":{"counter":0},"chainType":2,"messageKeys":{}},"BY8PiTwGmea53HaNmzP+aEVnyfNQEtfb3QiM8FY3yjBH":{"chainKey":{"counter":0},"chainType":2,"messageKeys":{}},"BZ0KEhbx+35HU3DrBKxvwzWetnrPw9G1CmTk89Ibu2J+":{"chainKey":{"counter":0},"chainType":2,"messageKeys":{}},"BfnpBfD6s9lTU+gJblaRnfaz1EVBKIqqo7Q0/9QCQI8O":{"chainKey":{"counter":0},"chainType":2,"messageKeys":{}},"BYTZnlgt1tLTATEeXp8AIizfoIrvdz3AR9+NZUT8DVZx":{"chainKey":{"counter":0},"chainType":2,"messageKeys":{}},"BdUUm8DlKDt6faIIbP94mjhbQxarNbUGEEMskz9QtlkM":{"chainKey":{"counter":0},"chainType":2,"messageKeys":{}},"BStZzQELCAMTk53OLJ0h8zsbKVFDvLzFq3ueFvLBhkk+":{"chainKey":{"counter":0},"chainType":2,"messageKeys":{}},"BTqlHjA86HolV2XVoCIcRk5vjzBMksyNIDIAANHNVi0V":{"chainKey":{"counter":0},"chainType":2,"messageKeys":{}},"Bay6ScBMM/WfMo5qUhxPobFdVMhm4TEvN3nvr/P6N28v":{"chainKey":{"counter":0},"chainType":2,"messageKeys":{}},"BZy1oRuiQ4JW+Uha1m1T67vTnsRt6Wd0JT4ZGzmRJGof":{"chainKey":{"counter":0},"chainType":2,"messageKeys":{}},"BQCG1vHnjOttsAQaIxdR0yjtYxn9ffFJfBL76608IOlb":{"chainKey":{"counter":0},"chainType":2,"messageKeys":{}},"BWEWqAgtG1q4GIIZ+RE8HYEypBhKAy5OPbpXPa+xIqIt":{"chainKey":{"counter":0},"chainType":2,"messageKeys":{}},"BTIGdnbNQc+/BoMsiwFMZWuxW2liNZQTJC4IoUsBsQoP":{"chainKey":{"counter":0},"chainType":2,"messageKeys":{}},"BTJlKl5zKU9Jp82Amb6KoAJc3wvA0Yw8ysTDaBcie3kb":{"chainKey":{"counter":0},"chainType":2,"messageKeys":{}},"BazvxSuU0tLIm2vX1R3zIVxOQqNz1Kvxbkx8tfvASyFZ":{"chainKey":{"counter":0},"chainType":2,"messageKeys":{}},"BYCcuKUM443uxQK7nYhjOSEKuSHHZjULrWBeM36F7NMX":{"chainKey":{"counter":0},"chainType":2,"messageKeys":{}},"BQy14siARB7hmFmO1h7g3rVyQFd6wA+wsaGES5EwyAM4":{"chainKey":{"counter":0},"chainType":2,"messageKeys":{}},"BcJQO5s4D+w+xe8XLPX+66hjVYGjwSsJ5n2ExguW27Ve":{"chainKey":{"counter":0},"chainType":2,"messageKeys":{}},"BXz9jj3uwDBAup2j7lFkHfqxBiAz4sJ4cHri1lexsl4B":{"chainKey":{"counter":0},"chainType":2,"messageKeys":{}},"BRSG2R3GVlB5WSozcE4hpY04fzFsZkwy6MIX+bK42Ohm":{"chainKey":{"counter":0},"chainType":2,"messageKeys":{}},"BUHHkazFMRduhRL6fsUro84lDP0hweI/tlHYFohEYsk7":{"chainKey":{"counter":0},"chainType":2,"messageKeys":{}},"BVfEKWJrZUx/5xeJ9XUQOe1O8QsmqH9BEUtJ7HK/KVxL":{"chainKey":{"counter":0},"chainType":2,"messageKeys":{}},"Bfn4Op1rSNZ3iqn5uScSfC9bneJ6plOxHdBNu+Gr67wY":{"chainKey":{"counter":0},"chainType":2,"messageKeys":{}},"BQPd1VB9C4K/xSEHRaPSbV5c1TBF01T2CiqiHRAGDjhx":{"chainKey":{"counter":0},"chainType":2,"messageKeys":{}},"BfERSz+A61fcsGnPvt6Vjb+t+R05q+lx+gM8AocPsycg":{"chainKey":{"counter":0},"chainType":2,"messageKeys":{}},"BXszS02zvO6WVWNIQiD/mgs9ISSONr7wYB09e7gyaHBu":{"chainKey":{"counter":0},"chainType":2,"messageKeys":{}},"BeMT5diKQCq0HsuhA279ERq36aefZpLtHpzgcSqJLqgI":{"chainKey":{"counter":0},"chainType":2,"messageKeys":{}},"BWDnqNVgaFBb7ahSlLreFRdwLB2TF2yr9i2BvfLjVTZw":{"chainKey":{"counter":0},"chainType":2,"messageKeys":{}},"Baap07K3ck8V6kpVUPrvoW5OgPvYSKi22MDV0nWLwawK":{"chainKey":{"counter":0},"chainType":2,"messageKeys":{}},"BVShywGIB+YIaspDex3iMsnhiBZJrjIIZsr9yxjU/GhF":{"chainKey":{"counter":0},"chainType":2,"messageKeys":{}},"BbfFjRImktXDpIaFOBr8uRUdEYiY0SeGrxs8x/ImZGka":{"chainKey":{"counter":0},"chainType":2,"messageKeys":{}},"BWHo8O4Ld8UY2P1UnTZVgmMPSKn1If4P9OvFISTMnxAj":{"chainKey":{"counter":0},"chainType":2,"messageKeys":{}},"BdaL/72eGq1UYL6Ct8fKmCDjuA5SGmDPNpY1O7ULRhIg":{"chainKey":{"counter":0},"chainType":2,"messageKeys":{}},"BVQGstQHXiYZfSBT5JZ77XeddeXMTJfDlzJgO33cHLoC":{"chainKey":{"counter":0},"chainType":2,"messageKeys":{}},"BW/ADJRbFPCtpYmXPsbbCnj53RhrlzebTAJMmAF8vTU0":{"chainKey":{"counter":0},"chainType":2,"messageKeys":{}},"BfqI79Pu3XtfAtveNYpfBvB/zb6iSol6Xyq6kO26674r":{"chainKey":{"counter":0},"chainType":2,"messageKeys":{}},"BcNuXt4t3hkEkm+izIPDBUXPf8KQZctTlxpekm+r8Q93":{"chainKey":{"counter":0},"chainType":2,"messageKeys":{}},"BUCyLSibZjWujM2mSLjAm2kIX90LptzMaSnq0FqDDyRH":{"chainKey":{"counter":0},"chainType":2,"messageKeys":{}},"BUf3nbxGr4uN4Lc24COiQx7xZ2VU0ZjEqBgXd8HVG8Bl":{"chainKey":{"counter":0},"chainType":2,"messageKeys":{}},"BW5JNqMtvWDHXnz1qFb12agPwk8Y21aXVw6+ER6Bci17":{"chainKey":{"counter":0},"chainType":2,"messageKeys":{}},"BT4JPoFHqtC8No3H2yTteWKm467ejuKAV6lgNNi0H8cV":{"chainKey":{"counter":0},"chainType":2,"messageKeys":{}},"BWfsZriJkPLV1TC1ZT1Xj1weD64GIbcXxqZpNQB6vmB9":{"chainKey":{"counter":0},"chainType":2,"messageKeys":{}},"BZcRhOWmlq85nVobtJZDwnvjPOwZkD/aIjVNQhUn4FBV":{"chainKey":{"counter":0},"chainType":2,"messageKeys":{}},"BeX869z4HW00eWrzxcnUN3XEYdBnPEhCZPgsWkjfNpwp":{"chainKey":{"counter":0},"chainType":2,"messageKeys":{}},"BZBfcK2FOla+4KDlOQ0hQNxgFE0vYbzc2HO2O31NMRR9":{"chainKey":{"counter":0},"chainType":2,"messageKeys":{}},"BUXtypneOZ/5QAR9U/e7YOM3ul5Y4F+OUkL2AYFwg1tz":{"chainKey":{"counter":0},"chainType":2,"messageKeys":{}},"BdWtOz+QYsFLc37o5CFUKbjvkpx6s6NtLwDp7H2iIwdC":{"chainKey":{"counter":1},"chainType":2,"messageKeys":{"0":"z2JYh3SyPzFd8laGA0K3uLorExdk30Z/Sftrf9i2Tkk="}},"BXwp7gbGMK785FnoTH2CN54lLmUMJ39RMOlk0rRWkKMN":{"chainKey":{"counter":0},"chainType":2,"messageKeys":{}},"BcaQAsgaXk1Ct7bEvjtlrk9YXUv7ttedefKhpYxuVwNv":{"chainKey":{"counter":0},"chainType":2,"messageKeys":{}},"BUA38L1ZdBbm+PjHCG2kePRKQu0IqMJkCOmk4+5YyRR7":{"chainKey":{"counter":0},"chainType":2,"messageKeys":{}},"BfiuFXtIQUIV0vKYeNnSLvPSBnoIktzCZdFbzW1gjYU3":{"chainKey":{"counter":0},"chainType":2,"messageKeys":{}},"BdeATX+K/W//EOul3HA5pGYGfwIsnQrL7466sZENodM7":{"chainKey":{"counter":0},"chainType":2,"messageKeys":{}},"BfhvHP/dWR5eJRQciDabGTVJfSOmUDBKa35HMPunQMYN":{"chainKey":{"counter":0},"chainType":2,"messageKeys":{}},"Bckp+PAxUK0lbBLvQkV+aeCI44Cmi9pf4D+QE5b1JjAu":{"chainKey":{"counter":0},"chainType":2,"messageKeys":{}},"BX2wt0BXakS7SgR1t99fc5ihskEwUFR1QwYTNg0gXxsc":{"chainKey":{"counter":0},"chainType":2,"messageKeys":{}},"BdmbUr1XYrdOziUgDe2Lvlo0XWkTJIAAt5zibv47KZd/":{"chainKey":{"counter":0},"chainType":2,"messageKeys":{}},"BZLB80v+ncx142tsh/sPuk4bTHJqgDjnHCpf4apDnPAI":{"chainKey":{"counter":0},"chainType":2,"messageKeys":{}},"Bd2mJsvCIU1jX2vMRidbrOZXibyOLYFJhru6poVrbtZH":{"chainKey":{"counter":0},"chainType":2,"messageKeys":{}},"BUiapxnlaQFhQlXk8wSPzlQyXCLXj53Si3+AHNVmyMR/":{"chainKey":{"counter":0},"chainType":2,"messageKeys":{}},"BZyWeKtAFe88xbG4oDthpoIg/OUVv0bjqGKhT6919UMp":{"chainKey":{"counter":0},"chainType":2,"messageKeys":{}},"BefTuXugilOTlvw2jQ7SP2uRTQ+ztiI2UTbllHDOpnde":{"chainKey":{"counter":0},"chainType":2,"messageKeys":{}},"BWxIdm0kVhE/8jJm8DCdQAs4Fe1nJqTHVC28biTkmT4y":{"chainKey":{"counter":0},"chainType":2,"messageKeys":{}},"BZM/Nkim4gZe0mhVDy3OvbnbCK9zPYmL57vfLDIqO4Js":{"chainKey":{"counter":0},"chainType":2,"messageKeys":{}},"Beqt/FTa34py/wdl0oWsZ4pGVke+AdN5gvwlrV021ddD":{"chainKey":{"counter":0},"chainType":2,"messageKeys":{}},"BYWm+wd202H+T4KMR8FWpK2reASc55T4jCAKK9KKtkl6":{"chainKey":{"counter":0},"chainType":2,"messageKeys":{}},"BflTFs5VQbGz7hv2aaAehLcmpweC6M2UPucebK/dwNwx":{"chainKey":{"counter":0},"chainType":2,"messageKeys":{}},"BdVrEQG3tCK/A3h/fn5GJ8CbfscepyguK7kWNSQvcaxd":{"chainKey":{"counter":0},"chainType":2,"messageKeys":{}},"BTuI0PUBMmBu14vg08a3f6UeLM2iexR3EY8dgrtXzzcn":{"chainKey":{"counter":0},"chainType":2,"messageKeys":{}},"BSoI+/Wy2n3W+y3axe/sT7uChbI6dgVUp7qyhHglB6Y/":{"chainKey":{"counter":0},"chainType":2,"messageKeys":{}},"BfpVPE9tmv3n5e9Vmh4Ri1aHx6XG7NK/HN8dWSMddi99":{"chainKey":{"counter":0},"chainType":2,"messageKeys":{}},"BcD4hS6+8A8XCgFgC407hEgUFYg6xDNR2zhGYpIF7o8l":{"chainKey":{"counter":0,"key":"UsijM6nSyBza1DAJ7//q1GPhDwyDiddk8UnPcDsTidU="},"chainType":2,"messageKeys":{}},"BeOx0wCqMEmd25PyAfaJn+Oe//UyXZKSkA39w7TOk0lZ":{"chainKey":{"counter":3,"key":"t8FCZZzH4WoP3MhnOcklBT8g27AVYU9qBnX1/PSaXRo="},"chainType":1,"messageKeys":{}}}},"BajBsXCkwDEkqf7nbTnO9JFnF5ma+kXXTZWYNGAv1CoD":{"registrationId":11,"currentRatchet":{"ephemeralKeyPair":{"pubKey":"BdqgI3hxnh72HFoLiF/6i5TW4qZDoZLoa96iaL01mDAE","privKey":"oIq0qaZ7xle9bjjBbA8IW9uYsAHH5SlThmUIVk969F4="},"lastRemoteEphemeralKey":"Be8G0p2TjiSa5WyclLzeL4TWkL8UE7RvL7WrtFLF0s5P","previousCounter":2,"rootKey":"78dAlYuA7mWIrhoqljCMHaHlrHW+uwh3IdMYMnxytPc="},"indexInfo":{"baseKey":"BajBsXCkwDEkqf7nbTnO9JFnF5ma+kXXTZWYNGAv1CoD","baseKeyType":1,"closed":1731595149093,"used":1731512768569,"created":1731507575451,"remoteIdentityKey":"BR81KFDHfLZKwtHqHbW9YCG3t6vqbd0hnjJtlQ42MHN0"},"_chains":{"BdoIdYBvYe+LXPVe4yyv5JEn9DGDEKrZkoznmE5IJb4e":{"chainKey":{"counter":1},"chainType":2,"messageKeys":{}},"BXtXb2Sax4hbyZSZGwcfeBrQ8lgKw3XxOU6Eu1EOMfRB":{"chainKey":{"counter":0},"chainType":2,"messageKeys":{}},"BT9wHdDGg0Sc0YJbdoKvm0J3SJXUGaHnxKya9sCVSsUV":{"chainKey":{"counter":0},"chainType":2,"messageKeys":{}},"BZ8wgTu0mwp4bYRcVgpZ03lhvnelDPYMEM5/qR5AAEQ/":{"chainKey":{"counter":0},"chainType":2,"messageKeys":{}},"BZ1Na2Ebe1oLxWZnvsO73c/YrT6eTqyIuWN/qvfcZthE":{"chainKey":{"counter":0},"chainType":2,"messageKeys":{}},"BV/tzmYi7VIrg2a9ap4wxpWo5PepXaDsZ+HpVJj8ggIS":{"chainKey":{"counter":0},"chainType":2,"messageKeys":{}},"Be8G0p2TjiSa5WyclLzeL4TWkL8UE7RvL7WrtFLF0s5P":{"chainKey":{"counter":0,"key":"MAeSUE+BqrmUyFdJlTCxEUV/5wDFTfiIhFcvnNiNMO0="},"chainType":2,"messageKeys":{}},"BdqgI3hxnh72HFoLiF/6i5TW4qZDoZLoa96iaL01mDAE":{"chainKey":{"counter":1,"key":"ecUSYqfKhTrzkDldiSieaN25jdaItTcGjwReTvGYtMs="},"chainType":1,"messageKeys":{}}}},"BXduvhKL/OnxKNS1U4NoVCCiTmSQMIcF+druJR6Wm0Nd":{"registrationId":11,"currentRatchet":{"ephemeralKeyPair":{"pubKey":"BUJvzKHLzx3ijD7a6YGfFQSGk1bNDoVtjuY0KYsKEB49","privKey":"0Fs8Mn7hYU9cUe68RANHqGYJx9DXqfbufy+fiposEko="},"lastRemoteEphemeralKey":"BdZ9mOBA3CtcdHLz4djWYCvT68NZ919GgIRZhP+9Jdg8","previousCounter":31,"rootKey":"AfWVg5jlqi2FXpR3An7pVaL62cdrPLVc0W91IGLdSdI="},"indexInfo":{"baseKey":"BXduvhKL/OnxKNS1U4NoVCCiTmSQMIcF+druJR6Wm0Nd","baseKeyType":1,"closed":1731601151274,"used":1731601146321,"created":1731595149077,"remoteIdentityKey":"BR81KFDHfLZKwtHqHbW9YCG3t6vqbd0hnjJtlQ42MHN0"},"_chains":{"BdZ9mOBA3CtcdHLz4djWYCvT68NZ919GgIRZhP+9Jdg8":{"chainKey":{"counter":0,"key":"bPfY8y8IBopmY156YoJyxDxrs+RR7M7gFGzA7wNRDtk="},"chainType":2,"messageKeys":{}},"BUJvzKHLzx3ijD7a6YGfFQSGk1bNDoVtjuY0KYsKEB49":{"chainKey":{"counter":-1,"key":"DrXnkQ1oYnU45dnhfFjOfntSpVOCDWkBp0KubhNkuwA="},"chainType":1,"messageKeys":{}}}},"BUXw7tx2Y58DxjRkJOV/1EowBX+g45hnI68PuPgSowk0":{"registrationId":11,"currentRatchet":{"ephemeralKeyPair":{"pubKey":"BcB9fwCwi9dPVns2icGTLk6lx60KGEZ0H9dd+jrqMg4F","privKey":"QL66O7FSv0MR0itUIijzJQ/EOrJS9Df/gP21VsJM/Gc="},"lastRemoteEphemeralKey":"BfHTv153ppLN4EvZ1qgftS2UrrBDUM/oCiddAp/JLZ0W","previousCounter":0,"rootKey":"hF78Zwgs4BL2SsZKeSW6BrxzwnDTacVqboncKmzyuYc="},"indexInfo":{"baseKey":"BUXw7tx2Y58DxjRkJOV/1EowBX+g45hnI68PuPgSowk0","baseKeyType":1,"closed":1731601156544,"used":1731601151268,"created":1731601151268,"remoteIdentityKey":"BR81KFDHfLZKwtHqHbW9YCG3t6vqbd0hnjJtlQ42MHN0"},"_chains":{"BcB9fwCwi9dPVns2icGTLk6lx60KGEZ0H9dd+jrqMg4F":{"chainKey":{"counter":-1,"key":"syA8oSUrIrsAFwB3bwj28QbymumOnKJEZex5aSfCOeo="},"chainType":1,"messageKeys":{}}},"pendingPreKey":{"signedKeyId":1,"baseKey":"BUXw7tx2Y58DxjRkJOV/1EowBX+g45hnI68PuPgSowk0","preKeyId":293}},"BW/JHWmlbUVRXe/si6MWjeeEzQqM0JsV6iKWVoxgywZM":{"registrationId":11,"currentRatchet":{"ephemeralKeyPair":{"pubKey":"BeUTSOrKWzez25eg8iOi+ZDUbqHfp6V+EB2J6qd/woY6","privKey":"gFSgLsptourwXQ1G0hVLI3ovxqhkLNCuPDMTDp0aJ0Q="},"lastRemoteEphemeralKey":"BfHTv153ppLN4EvZ1qgftS2UrrBDUM/oCiddAp/JLZ0W","previousCounter":0,"rootKey":"CQ+90GFoeedW3m+MLGu0U/QI45StR6OeKj1bR/rXZiU="},"indexInfo":{"baseKey":"BW/JHWmlbUVRXe/si6MWjeeEzQqM0JsV6iKWVoxgywZM","baseKeyType":1,"closed":1731601161814,"used":1731601156535,"created":1731601156535,"remoteIdentityKey":"BR81KFDHfLZKwtHqHbW9YCG3t6vqbd0hnjJtlQ42MHN0"},"_chains":{"BeUTSOrKWzez25eg8iOi+ZDUbqHfp6V+EB2J6qd/woY6":{"chainKey":{"counter":-1,"key":"cBEdZ1Ic2MoBNI+2fZMlD28I1DbNQuk39PKMBXCdoKY="},"chainType":1,"messageKeys":{}}},"pendingPreKey":{"signedKeyId":1,"baseKey":"BW/JHWmlbUVRXe/si6MWjeeEzQqM0JsV6iKWVoxgywZM","preKeyId":301}},"BYSs9tOsSQ4C9OTjKa8SdsmaJNWI2MvrwyXm1Ns0cU9b":{"registrationId":11,"currentRatchet":{"ephemeralKeyPair":{"pubKey":"BZd4fZygecByFyEv3JN68bS82h8UQZScQuJG3YszpXp7","privKey":"mIj1cFa2W0RXHkREOIsfWjLtg+7eIxcZqhzK+wJfxF4="},"lastRemoteEphemeralKey":"BfHTv153ppLN4EvZ1qgftS2UrrBDUM/oCiddAp/JLZ0W","previousCounter":0,"rootKey":"vNME2LNWs1RvusSxyXRL+5cI4xVK58JSE4F8OFq0VYQ="},"indexInfo":{"baseKey":"BYSs9tOsSQ4C9OTjKa8SdsmaJNWI2MvrwyXm1Ns0cU9b","baseKeyType":1,"closed":1731601329429,"used":1731601161806,"created":1731601161806,"remoteIdentityKey":"BR81KFDHfLZKwtHqHbW9YCG3t6vqbd0hnjJtlQ42MHN0"},"_chains":{"BZd4fZygecByFyEv3JN68bS82h8UQZScQuJG3YszpXp7":{"chainKey":{"counter":3,"key":"0CIhZ2pQ2DmSpG5rtyoFIm35LU9i81ihW+lrhoLHmQw="},"chainType":1,"messageKeys":{}}},"pendingPreKey":{"signedKeyId":1,"baseKey":"BYSs9tOsSQ4C9OTjKa8SdsmaJNWI2MvrwyXm1Ns0cU9b","preKeyId":297}},"BS9Y0CEnsQmZp7Lvh65Y1v6+BOuA3UkEeuW2hFQvOqRG":{"registrationId":11,"currentRatchet":{"ephemeralKeyPair":{"pubKey":"Bcuv5dfokQXpMevYJu3pqS3xUFRNyI3OKzkyClRRZJtP","privKey":"CGYNmxYatAopnqnkhl7fn/wwpUlmvgJoouB5vQf2bEU="},"lastRemoteEphemeralKey":"BfHTv153ppLN4EvZ1qgftS2UrrBDUM/oCiddAp/JLZ0W","previousCounter":0,"rootKey":"muWmfOAHScWRXtJqDIHSU4PyOZVWldzrRu5sryTs2dU="},"indexInfo":{"baseKey":"BS9Y0CEnsQmZp7Lvh65Y1v6+BOuA3UkEeuW2hFQvOqRG","baseKeyType":1,"closed":1731601334683,"used":1731601329422,"created":1731601329422,"remoteIdentityKey":"BR81KFDHfLZKwtHqHbW9YCG3t6vqbd0hnjJtlQ42MHN0"},"_chains":{"Bcuv5dfokQXpMevYJu3pqS3xUFRNyI3OKzkyClRRZJtP":{"chainKey":{"counter":-1,"key":"bbplVw+xIvtcNU8BNDN6C0gnimXwsFUp2HDMs65lExU="},"chainType":1,"messageKeys":{}}},"pendingPreKey":{"signedKeyId":1,"baseKey":"BS9Y0CEnsQmZp7Lvh65Y1v6+BOuA3UkEeuW2hFQvOqRG","preKeyId":300}},"BdkihdtTS6je5mKDitcfHj1khdS5RAEawuULmMzrqMY/":{"registrationId":11,"currentRatchet":{"ephemeralKeyPair":{"pubKey":"BeX76owqDnYBE0SFXEKiwJhong1eHSrJUJLLQuAA9Jwq","privKey":"YMdC2Hfe+ehL9OGHO/uKotAM6RkyqBE+lBBsKb3MpWI="},"lastRemoteEphemeralKey":"BfHTv153ppLN4EvZ1qgftS2UrrBDUM/oCiddAp/JLZ0W","previousCounter":0,"rootKey":"yve+fYkPTvpBb9XARlyJJQD/RAHxE2KSVY4wWe4Pjgw="},"indexInfo":{"baseKey":"BdkihdtTS6je5mKDitcfHj1khdS5RAEawuULmMzrqMY/","baseKeyType":1,"closed":1731601339944,"used":1731601334675,"created":1731601334675,"remoteIdentityKey":"BR81KFDHfLZKwtHqHbW9YCG3t6vqbd0hnjJtlQ42MHN0"},"_chains":{"BeX76owqDnYBE0SFXEKiwJhong1eHSrJUJLLQuAA9Jwq":{"chainKey":{"counter":-1,"key":"dr3NZ5BDP57oHA1FyIM5c8YyTnGhkhh+6hnCYOPIUCo="},"chainType":1,"messageKeys":{}}},"pendingPreKey":{"signedKeyId":1,"baseKey":"BdkihdtTS6je5mKDitcfHj1khdS5RAEawuULmMzrqMY/","preKeyId":281}},"BY5Boe38xMNu+eFJwa2FBZXEJi3GCzUuokUVWya8t0wh":{"registrationId":11,"currentRatchet":{"ephemeralKeyPair":{"pubKey":"BSjHhinT6C9KmZY0d5CAfIsoeJM3Wu+avRNHwAAgLXpq","privKey":"AHYjbd7Wlwa54lL4620z3g3NVQS89twI6CL1ArUxs2U="},"lastRemoteEphemeralKey":"BfHTv153ppLN4EvZ1qgftS2UrrBDUM/oCiddAp/JLZ0W","previousCounter":0,"rootKey":"L+fjWixwVkdzn76TyZCMiLKtwZ20E1SKYQwLsAu5ZpE="},"indexInfo":{"baseKey":"BY5Boe38xMNu+eFJwa2FBZXEJi3GCzUuokUVWya8t0wh","baseKeyType":1,"closed":1731601345224,"used":1731601339936,"created":1731601339936,"remoteIdentityKey":"BR81KFDHfLZKwtHqHbW9YCG3t6vqbd0hnjJtlQ42MHN0"},"_chains":{"BSjHhinT6C9KmZY0d5CAfIsoeJM3Wu+avRNHwAAgLXpq":{"chainKey":{"counter":-1,"key":"CHW86K5BabfYvuIqBedOTE52wcjSB89AcUNxeUdilyE="},"chainType":1,"messageKeys":{}}},"pendingPreKey":{"signedKeyId":1,"baseKey":"BY5Boe38xMNu+eFJwa2FBZXEJi3GCzUuokUVWya8t0wh","preKeyId":295}},"BfxpsmFAa4WZ2jCucvjl6UbXAZWdzgitgDlC52411kxK":{"registrationId":11,"currentRatchet":{"ephemeralKeyPair":{"pubKey":"BUV+tIb3fjXwfjTBKg714T/gcHKQXwCr6zemBbY8Nl9l","privKey":"6Cmd9jIEl6y5+dkVU8rZThCv8tmvoWKtT/Q6aG9JKnY="},"lastRemoteEphemeralKey":"BTPxUxwSv9uzqBaqt9Ed2PhZO4AFTFg55wAiYe0gyTdB","previousCounter":0,"rootKey":"noQXWYgyob+BWdhbNDAyyoS0zQqxpq6wnfdKzPcMdSE="},"indexInfo":{"baseKey":"BfxpsmFAa4WZ2jCucvjl6UbXAZWdzgitgDlC52411kxK","baseKeyType":1,"closed":1731691606405,"used":1731678716048,"created":1731601345217,"remoteIdentityKey":"BR81KFDHfLZKwtHqHbW9YCG3t6vqbd0hnjJtlQ42MHN0"},"_chains":{"BTKMd1mPc6tP/sJEriQeHmlqG02eypZ9VdKEHx7pin54":{"chainKey":{"counter":0},"chainType":2,"messageKeys":{}},"BWNooSVceN3hHytPoytV4VLLx/TzseVQNJ2BmDrMiT4p":{"chainKey":{"counter":0},"chainType":2,"messageKeys":{}},"BQzCiZ8ltaUMBHsw5iripWzSLPnA4bJ0YdKx+0r13f1l":{"chainKey":{"counter":0},"chainType":2,"messageKeys":{}},"BWRjdEMo9zVeLJovrkhUCfORzJ/B4GSN+ylMsvYtYY1c":{"chainKey":{"counter":0},"chainType":2,"messageKeys":{}},"BeR118P1ZwAwZguuBgpKAax8PFKB8ak6UMD4meAXs1FL":{"chainKey":{"counter":0},"chainType":2,"messageKeys":{}},"BTPxUxwSv9uzqBaqt9Ed2PhZO4AFTFg55wAiYe0gyTdB":{"chainKey":{"counter":0,"key":"46499ZtxeR4nqx7s5iJTb7DpLr/M4y9Vz4Af6j4ZaCc="},"chainType":2,"messageKeys":{}},"BUV+tIb3fjXwfjTBKg714T/gcHKQXwCr6zemBbY8Nl9l":{"chainKey":{"counter":1,"key":"i3HyTIkdLdDrDgy9rJ5ABtzfXtvTpHYTh7vO5JZgcV0="},"chainType":1,"messageKeys":{}}}},"BT+KmNjtfwN4vtnX4zuhKYYruvf/XG5TIpkPdkbpTVsY":{"registrationId":11,"currentRatchet":{"ephemeralKeyPair":{"pubKey":"BeugTCrXqOr9cT8GxcCxexCtuhNmXRyvgUYbBwbOS7UR","privKey":"CLEIFGtQTsYneO3JM5GIrBs1lxF0SP3t9ExjTdQgRk4="},"lastRemoteEphemeralKey":"BWbQ7REZ7BeUowCL8hQ3+PXFDKPtjfMnklQVvPhgo/p1","previousCounter":5,"rootKey":"IaYceGtvpJediHIN/1ZJAndSfq0YKYjM1hUsBOfY1sA="},"indexInfo":{"baseKey":"BT+KmNjtfwN4vtnX4zuhKYYruvf/XG5TIpkPdkbpTVsY","baseKeyType":1,"closed":-1,"used":1731692071071,"created":1731691606399,"remoteIdentityKey":"BR81KFDHfLZKwtHqHbW9YCG3t6vqbd0hnjJtlQ42MHN0"},"_chains":{"BWbQ7REZ7BeUowCL8hQ3+PXFDKPtjfMnklQVvPhgo/p1":{"chainKey":{"counter":0,"key":"2YR4fBAWwJLMlYGv/5KBMVLkbIvJhJOlKckDvj0YciY="},"chainType":2,"messageKeys":{}},"BeugTCrXqOr9cT8GxcCxexCtuhNmXRyvgUYbBwbOS7UR":{"chainKey":{"counter":300,"key":"h1qIISMorXuWP5ky9xNW/x76iHBOHKkgYyPqN7nRq50="},"chainType":1,"messageKeys":{}}}}},"version":"v1"}