{"_sessions":{"BTevqL4yk0GwI1qnPAGa1lUoLYlnNZk9w9tCJUUdjKNJ":{"registrationId":394274258,"currentRatchet":{"ephemeralKeyPair":{"pubKey":"BZ62fme4THHehxPVFmkfhDStBGNclyGZDxH55THBNxFu","privKey":"YPNWwvWrMV04xWM+mQZj6clA/KYJLxOCjHoGnwdph1Q="},"lastRemoteEphemeralKey":"BTD/ZhICYUWq3+ERsRe0RPXisz4uxu2ejne0IWLAQYkD","previousCounter":99,"rootKey":"nQmNWlR1mx3Peo5NPg0Lm8NqaLNp5LBDEWaUoNKY5Bk="},"indexInfo":{"baseKey":"BTevqL4yk0GwI1qnPAGa1lUoLYlnNZk9w9tCJUUdjKNJ","baseKeyType":2,"closed":1731213060775,"used":1729352122285,"created":1729265381619,"remoteIdentityKey":"BTbKGlYlLlAW8gXadax8+icHMziooGKv0ZgNQSeJF6EE"},"_chains":{"BarZTTUuV2+Teb4pbhaOUPfENQ/Q3GJony+f98qmiKlX":{"chainKey":{"counter":8},"chainType":2,"messageKeys":{}},"BTD/ZhICYUWq3+ERsRe0RPXisz4uxu2ejne0IWLAQYkD":{"chainKey":{"counter":0,"key":"URe8ZYrMU6uctlEl/4rEgYDPNwYGZOzZKIkEL/tZuuo="},"chainType":2,"messageKeys":{}},"BZ62fme4THHehxPVFmkfhDStBGNclyGZDxH55THBNxFu":{"chainKey":{"counter":5549,"key":"ejDNaDru7dyUSfffoOqP2BbHQjkyxeaCAysFKIvNMbY="},"chainType":1,"messageKeys":{}}}},"BRIU+Mra42Ceg+OpotEFl2UZKETy6EjB7+a0MNRhdCFc":{"registrationId":394274258,"currentRatchet":{"ephemeralKeyPair":{"pubKey":"BdYF5gfEzlptuPd3+R5Xuqqt8QX9y36GXtkNeLihw+1V","privKey":"eCy2a1HjZ+8MRyR4uk5fZkLpEOYs3BS3t1tCDLluLXA="},"lastRemoteEphemeralKey":"BZUv6aBmE75BIP4z4dNFHzqJgtDXKKgxPE6CT3v1x8xS","previousCounter":157,"rootKey":"9VhYiSrn5bpw1E1EKXNOzGOOdBHcW3rNrCkdRaGI5I8="},"indexInfo":{"baseKey":"BRIU+Mra42Ceg+OpotEFl2UZKETy6EjB7+a0MNRhdCFc","baseKeyType":1,"closed":-1,"used":1731868385829,"created":1731213060762,"remoteIdentityKey":"BTbKGlYlLlAW8gXadax8+icHMziooGKv0ZgNQSeJF6EE"},"_chains":{"BQtdkAI0ByCbL6pIs+hx4xbSsaUnu3qmnBnn1ZMdK2Qt":{"chainKey":{"counter":0},"chainType":2,"messageKeys":{}},"BcokRLuZMsXA+ZwAkyr3dPDBu+nJZpCJraOIr85s1U8K":{"chainKey":{"counter":2},"chainType":2,"messageKeys":{}},"BY6ebw1yCSYq7ilFlZc74BfltnqsapE4MOwoDNdZYngf":{"chainKey":{"counter":0},"chainType":2,"messageKeys":{}},"BS4wiYImz3vRC6qMjCN1kF+uB6wxGZfSVdV8AK3w+CkN":{"chainKey":{"counter":0},"chainType":2,"messageKeys":{}},"BTYKbLXfEjd8BCJQQTFJokqDv3e6UeTUzFBATsj2FNsL":{"chainKey":{"counter":48},"chainType":2,"messageKeys":{}},"BZXvV/PhzqHQERAfNdAdKa8CuNW1kJKWoVJnvYHDg+lf":{"chainKey":{"counter":92},"chainType":2,"messageKeys":{"0":"Jv+TgqZXPiXhHKn4EqXQPUhu+yiBa4Qjo5LOakXebPA="}},"BcN6KeJhZtHTnZ6aYyyNgPW+Qg36Ni/9f0AEAFczNkhA":{"chainKey":{"counter":3},"chainType":2,"messageKeys":{}},"BR0lebuBGm0Nrsv/FmUGSZhX9Zy5d3QvIFRsvJiFeMV9":{"chainKey":{"counter":5},"chainType":2,"messageKeys":{}},"BWVQwK8cPeSdJcwccdJFZay6+SRlNlvI3cK4qnRYDf9r":{"chainKey":{"counter":19},"chainType":2,"messageKeys":{}},"BYoWQG/qvqW/jBObmoZwZ47t/ad5bKndeUg1xfLZLGB2":{"chainKey":{"counter":24},"chainType":2,"messageKeys":{}},"BZ2MgwIzmXWzvU2Aw5SB8u/TkGsEoPQBb74qFxXnvkdT":{"chainKey":{"counter":2},"chainType":2,"messageKeys":{}},"BWFUZgTBxTuWkb3/ejb3nnP13cJAKFBtw6XUPerWIxtE":{"chainKey":{"counter":4},"chainType":2,"messageKeys":{}},"BSDhtUagFqwfzkb7lFf8fuuC0KOu0OueAmxmQSwko7Y2":{"chainKey":{"counter":13},"chainType":2,"messageKeys":{}},"BTxqpNk4SpO23yxEz0M3ng3LGkloleDJlhPha8Q33v5S":{"chainKey":{"counter":2},"chainType":2,"messageKeys":{}},"BRXokUQ03Fy+OeC1/ljdziYc7rA/DBdix752lah22KN5":{"chainKey":{"counter":0},"chainType":2,"messageKeys":{}},"BddEQyLyW3X9Fuky+jP88klgQrXdCHfjxG0aScp3C9wb":{"chainKey":{"counter":0},"chainType":2,"messageKeys":{}},"BZUv6aBmE75BIP4z4dNFHzqJgtDXKKgxPE6CT3v1x8xS":{"chainKey":{"counter":0,"key":"wP/+shh0aBLADDG94dyrq7fBFhqqVcQOvqfCkqp/4nM="},"chainType":2,"messageKeys":{}},"BdYF5gfEzlptuPd3+R5Xuqqt8QX9y36GXtkNeLihw+1V":{"chainKey":{"counter":12,"key":"ohJz88l1uyI3Z3220LOskhDmCYTbh1Fott0sIpzn6Rk="},"chainType":1,"messageKeys":{}}}}},"version":"v1"}